0,0,1,2
0,0,"(('a', 'b'), 'sigmoid')",86.14783653846153
1,1,"(('a', ('a', 'b')), 'relu')",86.14783653846153
2,2,"((('a', 'b'), ('a', ('a', 'b'))), 'softplus')",86.14783653846153
3,3,"(('b', (('a', 'b'), ('a', ('a', 'b')))), 'elu')",86.14783653846153
4,4,"(('b', ('a', 'b')), 'softsign')",86.14783653846153
5,5,"((('a', 'b'), ('b', (('a', 'b'), ('a', ('a', 'b'))))), 'selu')",86.14783653846153
0,0,"(('a', 'b'), 'celu')",85.69711538461539
1,1,"(('a', ('a', 'b')), 'sigmoid')",85.69711538461539
2,2,"((('a', 'b'), ('a', ('a', 'b'))), 'softsign')",85.69711538461539
3,3,"((('a', ('a', 'b')), (('a', 'b'), ('a', ('a', 'b')))), 'relu')",85.69711538461539
4,4,"(('a', (('a', ('a', 'b')), (('a', 'b'), ('a', ('a', 'b'))))), 'sigmoid')",85.69711538461539
5,5,"(('b', (('a', ('a', 'b')), (('a', 'b'), ('a', ('a', 'b'))))), 'relu')",85.69711538461539
0,0,"(('a', 'b'), 'softplus')",70.63301282051282
1,1,"(('b', ('a', 'b')), 'relu')",70.63301282051282
2,2,"(('a', ('a', 'b')), 'relu')",70.63301282051282
3,3,"(('b', ('a', ('a', 'b'))), 'relu')",70.63301282051282
4,4,"((('a', 'b'), ('b', ('a', ('a', 'b')))), 'log_sigmoid')",70.63301282051282
5,5,"(('a', ('a', ('a', 'b'))), 'tanh')",70.63301282051282
0,0,"(('a', 'b'), 'elu')",88.30128205128206
1,1,"(('a', ('a', 'b')), 'softsign')",88.30128205128206
2,2,"((('a', 'b'), ('a', ('a', 'b'))), 'log_sigmoid')",88.30128205128206
3,3,"(('a', ('a', ('a', 'b'))), 'elu')",88.30128205128206
4,4,"((('a', 'b'), (('a', 'b'), ('a', ('a', 'b')))), 'selu')",88.30128205128206
5,5,"((('a', 'b'), (('a', 'b'), (('a', 'b'), ('a', ('a', 'b'))))), 'tanh')",88.30128205128206
0,0,"(('a', 'b'), 'celu')",63.01081730769231
1,1,"(('b', ('a', 'b')), 'relu')",63.01081730769231
2,2,"(('a', ('a', 'b')), 'relu')",63.01081730769231
3,3,"(('b', ('a', ('a', 'b'))), 'log_sigmoid')",63.01081730769231
4,4,"((('a', 'b'), ('a', ('a', 'b'))), 'elu')",63.01081730769231
5,5,"((('a', ('a', 'b')), ('b', ('a', ('a', 'b')))), 'selu')",63.01081730769231
0,0,"(('a', 'b'), 'sigmoid')",71.20392628205128
1,1,"(('b', ('a', 'b')), 'sigmoid')",71.20392628205128
2,2,"((('a', 'b'), ('b', ('a', 'b'))), 'log_sigmoid')",71.20392628205128
3,3,"(('a', ('b', ('a', 'b'))), 'celu')",71.20392628205128
4,4,"(('a', ('a', ('b', ('a', 'b')))), 'elu')",71.20392628205128
5,5,"(('a', (('a', 'b'), ('b', ('a', 'b')))), 'sigmoid')",71.20392628205128
0,0,"(('a', 'b'), 'softsign')",85.35657051282051
1,1,"(('b', ('a', 'b')), 'log_sigmoid')",85.35657051282051
2,2,"(('a', ('b', ('a', 'b'))), 'sigmoid')",85.35657051282051
3,3,"((('b', ('a', 'b')), ('a', ('b', ('a', 'b')))), 'tanh')",85.35657051282051
4,4,"((('a', 'b'), ('a', ('b', ('a', 'b')))), 'softsign')",85.35657051282051
5,5,"(('b', (('a', 'b'), ('a', ('b', ('a', 'b'))))), 'sigmoid')",85.35657051282051
0,0,"(('a', 'b'), 'selu')",72.65625
1,1,"(('a', ('a', 'b')), 'relu')",72.65625
2,2,"((('a', 'b'), ('a', ('a', 'b'))), 'log_sigmoid')",72.65625
3,3,"(('b', ('a', 'b')), 'celu')",72.65625
4,4,"(((('a', 'b'), ('a', ('a', 'b'))), ('b', ('a', 'b'))), 'softsign')",72.65625
5,5,"(('b', ((('a', 'b'), ('a', ('a', 'b'))), ('b', ('a', 'b')))), 'relu')",72.65625
0,0,"(('a', 'b'), 'softplus')",82.13141025641026
1,1,"(('b', ('a', 'b')), 'elu')",82.13141025641026
2,2,"((('a', 'b'), ('b', ('a', 'b'))), 'log_sigmoid')",82.13141025641026
3,3,"((('a', 'b'), (('a', 'b'), ('b', ('a', 'b')))), 'tanh')",82.13141025641026
4,4,"((('b', ('a', 'b')), (('a', 'b'), (('a', 'b'), ('b', ('a', 'b'))))), 'elu')",82.13141025641026
5,5,"(('a', (('a', 'b'), ('b', ('a', 'b')))), 'relu')",82.13141025641026
0,0,"(('a', 'b'), 'elu')",85.2764423076923
1,1,"(('b', ('a', 'b')), 'softplus')",85.2764423076923
2,2,"((('a', 'b'), ('b', ('a', 'b'))), 'selu')",85.2764423076923
3,3,"(('a', ('b', ('a', 'b'))), 'softsign')",85.2764423076923
4,4,"(('a', ('a', ('b', ('a', 'b')))), 'log_sigmoid')",85.2764423076923
5,5,"(('a', ('a', 'b')), 'log_sigmoid')",85.2764423076923
0,0,"(('a', 'b'), 'log_sigmoid')",84.46514423076923
1,1,"(('a', ('a', 'b')), 'selu')",84.46514423076923
2,2,"(('b', ('a', 'b')), 'softplus')",84.46514423076923
3,3,"(('b', ('b', ('a', 'b'))), 'softplus')",84.46514423076923
4,4,"(('a', ('a', ('a', 'b'))), 'tanh')",84.46514423076923
5,5,"((('a', ('a', 'b')), ('b', ('b', ('a', 'b')))), 'relu')",84.46514423076923
0,0,"(('a', 'b'), 'softsign')",63.14102564102564
1,1,"(('b', ('a', 'b')), 'celu')",63.14102564102564
2,2,"(('a', ('b', ('a', 'b'))), 'elu')",63.14102564102564
3,3,"(('a', ('a', ('b', ('a', 'b')))), 'celu')",63.14102564102564
4,4,"(('a', ('a', 'b')), 'celu')",63.14102564102564
5,5,"(('b', ('b', ('a', 'b'))), 'selu')",63.14102564102564
0,0,"(('a', 'b'), 'sigmoid')",77.37379807692308
1,1,"(('a', ('a', 'b')), 'selu')",77.37379807692308
2,2,"(('a', ('a', ('a', 'b'))), 'tanh')",77.37379807692308
3,3,"((('a', 'b'), ('a', ('a', ('a', 'b')))), 'tanh')",77.37379807692308
4,4,"(('a', ('a', ('a', ('a', 'b')))), 'selu')",77.37379807692308
5,5,"((('a', ('a', 'b')), (('a', 'b'), ('a', ('a', ('a', 'b'))))), 'sigmoid')",77.37379807692308
0,0,"(('a', 'b'), 'softplus')",79.6474358974359
1,1,"(('b', ('a', 'b')), 'log_sigmoid')",79.6474358974359
2,2,"(('b', ('b', ('a', 'b'))), 'softplus')",79.6474358974359
3,3,"((('b', ('a', 'b')), ('b', ('b', ('a', 'b')))), 'celu')",79.6474358974359
4,4,"(('a', ('a', 'b')), 'log_sigmoid')",79.6474358974359
5,5,"((('a', 'b'), ('a', ('a', 'b'))), 'relu')",79.6474358974359
0,0,"(('a', 'b'), 'celu')",71.04366987179488
1,1,"(('a', ('a', 'b')), 'relu')",71.04366987179488
2,2,"((('a', 'b'), ('a', ('a', 'b'))), 'selu')",71.04366987179488
3,3,"((('a', ('a', 'b')), (('a', 'b'), ('a', ('a', 'b')))), 'celu')",71.04366987179488
4,4,"(((('a', 'b'), ('a', ('a', 'b'))), (('a', ('a', 'b')), (('a', 'b'), ('a', ('a', 'b'))))), 'softplus')",71.04366987179488
5,5,"(('b', ('a', 'b')), 'softsign')",71.04366987179488
0,0,"(('a', 'b'), 'relu')",66.35616987179488
1,1,"(('b', ('a', 'b')), 'relu')",66.35616987179488
2,2,"(('a', ('b', ('a', 'b'))), 'celu')",66.35616987179488
3,3,"((('a', 'b'), ('b', ('a', 'b'))), 'celu')",66.35616987179488
4,4,"((('b', ('a', 'b')), (('a', 'b'), ('b', ('a', 'b')))), 'celu')",66.35616987179488
5,5,"(('a', (('b', ('a', 'b')), (('a', 'b'), ('b', ('a', 'b'))))), 'relu')",66.35616987179488
0,0,"(('a', 'b'), 'selu')",74.58934294871794
1,1,"(('b', ('a', 'b')), 'relu')",74.58934294871794
2,2,"(('b', ('b', ('a', 'b'))), 'sigmoid')",74.58934294871794
3,3,"(('a', ('b', ('b', ('a', 'b')))), 'selu')",74.58934294871794
4,4,"(('a', ('a', 'b')), 'selu')",74.58934294871794
5,5,"(('b', ('b', ('b', ('a', 'b')))), 'sigmoid')",74.58934294871794
0,0,"(('a', 'b'), 'softplus')",72.1854967948718
1,1,"(('b', ('a', 'b')), 'log_sigmoid')",72.1854967948718
2,2,"(('a', ('b', ('a', 'b'))), 'elu')",72.1854967948718
3,3,"(('b', ('b', ('a', 'b'))), 'selu')",72.1854967948718
4,4,"((('a', 'b'), ('b', ('a', 'b'))), 'log_sigmoid')",72.1854967948718
5,5,"((('b', ('a', 'b')), ('a', ('b', ('a', 'b')))), 'relu')",72.1854967948718
0,0,"(('a', 'b'), 'softsign')",77.93469551282051
1,1,"(('a', ('a', 'b')), 'softsign')",77.93469551282051
2,2,"(('b', ('a', ('a', 'b'))), 'softsign')",77.93469551282051
3,3,"((('a', ('a', 'b')), ('b', ('a', ('a', 'b')))), 'elu')",77.93469551282051
4,4,"((('a', ('a', 'b')), (('a', ('a', 'b')), ('b', ('a', ('a', 'b'))))), 'sigmoid')",77.93469551282051
5,5,"((('a', 'b'), (('a', ('a', 'b')), ('b', ('a', ('a', 'b'))))), 'elu')",77.93469551282051
0,0,"(('a', 'b'), 'selu')",82.16145833333333
1,1,"(('b', ('a', 'b')), 'softplus')",82.16145833333333
2,2,"(('a', ('b', ('a', 'b'))), 'softplus')",82.16145833333333
3,3,"(('a', ('a', 'b')), 'celu')",82.16145833333333
4,4,"((('b', ('a', 'b')), ('a', ('a', 'b'))), 'relu')",82.16145833333333
5,5,"((('a', ('a', 'b')), (('b', ('a', 'b')), ('a', ('a', 'b')))), 'sigmoid')",82.16145833333333
0,0,"(('a', 'b'), 'tanh')",71.45432692307692
1,1,"(('a', ('a', 'b')), 'selu')",71.45432692307692
2,2,"((('a', 'b'), ('a', ('a', 'b'))), 'elu')",71.45432692307692
3,3,"(('b', ('a', ('a', 'b'))), 'tanh')",71.45432692307692
4,4,"(((('a', 'b'), ('a', ('a', 'b'))), ('b', ('a', ('a', 'b')))), 'log_sigmoid')",71.45432692307692
5,5,"(('a', ('a', ('a', 'b'))), 'softplus')",71.45432692307692
0,0,"(('a', 'b'), 'softsign')",85.6270032051282
1,1,"(('b', ('a', 'b')), 'relu')",85.6270032051282
2,2,"(('a', ('a', 'b')), 'softplus')",85.6270032051282
3,3,"((('a', 'b'), ('b', ('a', 'b'))), 'celu')",85.6270032051282
4,4,"((('a', 'b'), (('a', 'b'), ('b', ('a', 'b')))), 'log_sigmoid')",85.6270032051282
5,5,"((('b', ('a', 'b')), (('a', 'b'), (('a', 'b'), ('b', ('a', 'b'))))), 'elu')",85.6270032051282
0,0,"(('a', 'b'), 'relu')",83.27323717948718
1,1,"(('a', ('a', 'b')), 'elu')",83.27323717948718
2,2,"(('b', ('a', 'b')), 'selu')",83.27323717948718
3,3,"(('a', ('a', ('a', 'b'))), 'softsign')",83.27323717948718
4,4,"(('a', ('a', ('a', ('a', 'b')))), 'sigmoid')",83.27323717948718
5,5,"((('a', 'b'), ('a', ('a', ('a', ('a', 'b'))))), 'elu')",83.27323717948718
0,0,"(('a', 'b'), 'tanh')",81.34014423076923
1,1,"(('a', ('a', 'b')), 'celu')",81.34014423076923
2,2,"(('b', ('a', ('a', 'b'))), 'log_sigmoid')",81.34014423076923
3,3,"(('a', ('a', ('a', 'b'))), 'tanh')",81.34014423076923
4,4,"((('a', 'b'), ('a', ('a', ('a', 'b')))), 'softsign')",81.34014423076923
5,5,"(('b', (('a', 'b'), ('a', ('a', ('a', 'b'))))), 'selu')",81.34014423076923
0,0,"(('a', 'b'), 'elu')",78.48557692307692
1,1,"(('b', ('a', 'b')), 'log_sigmoid')",78.48557692307692
2,2,"(('a', ('a', 'b')), 'softsign')",78.48557692307692
3,3,"((('a', 'b'), ('a', ('a', 'b'))), 'softsign')",78.48557692307692
4,4,"((('b', ('a', 'b')), ('a', ('a', 'b'))), 'log_sigmoid')",78.48557692307692
5,5,"((('a', 'b'), (('b', ('a', 'b')), ('a', ('a', 'b')))), 'selu')",78.48557692307692
0,0,"(('a', 'b'), 'log_sigmoid')",75.60096153846153
1,1,"(('a', ('a', 'b')), 'softplus')",75.60096153846153
2,2,"(('b', ('a', 'b')), 'relu')",75.60096153846153
3,3,"(('b', ('a', ('a', 'b'))), 'log_sigmoid')",75.60096153846153
4,4,"((('a', ('a', 'b')), ('b', ('a', 'b'))), 'celu')",75.60096153846153
5,5,"((('a', 'b'), ('b', ('a', ('a', 'b')))), 'softplus')",75.60096153846153
0,0,"(('a', 'b'), 'sigmoid')",79.88782051282051
1,1,"(('b', ('a', 'b')), 'log_sigmoid')",79.88782051282051
2,2,"(('a', ('b', ('a', 'b'))), 'log_sigmoid')",79.88782051282051
3,3,"(('a', ('a', 'b')), 'celu')",79.88782051282051
4,4,"(('b', ('b', ('a', 'b'))), 'relu')",79.88782051282051
5,5,"((('a', ('b', ('a', 'b'))), ('a', ('a', 'b'))), 'celu')",79.88782051282051
0,0,"(('a', 'b'), 'tanh')",79.71754807692308
1,1,"(('a', ('a', 'b')), 'relu')",79.71754807692308
2,2,"(('a', ('a', ('a', 'b'))), 'log_sigmoid')",79.71754807692308
3,3,"((('a', 'b'), ('a', ('a', 'b'))), 'elu')",79.71754807692308
4,4,"(('b', ('a', ('a', ('a', 'b')))), 'softsign')",79.71754807692308
5,5,"(('b', ('b', ('a', ('a', ('a', 'b'))))), 'sigmoid')",79.71754807692308
0,0,"(('a', 'b'), 'softsign')",69.23076923076923
1,1,"(('a', ('a', 'b')), 'relu')",69.23076923076923
2,2,"(('b', ('a', 'b')), 'tanh')",69.23076923076923
3,3,"((('a', 'b'), ('a', ('a', 'b'))), 'selu')",69.23076923076923
4,4,"(('a', ('b', ('a', 'b'))), 'selu')",69.23076923076923
5,5,"(('a', (('a', 'b'), ('a', ('a', 'b')))), 'tanh')",69.23076923076923
0,0,"(('a', 'b'), 'sigmoid')",82.75240384615384
1,1,"(('a', ('a', 'b')), 'selu')",82.75240384615384
2,2,"(('a', ('a', ('a', 'b'))), 'relu')",82.75240384615384
3,3,"(('b', ('a', ('a', ('a', 'b')))), 'relu')",82.75240384615384
4,4,"((('a', 'b'), ('b', ('a', ('a', ('a', 'b'))))), 'softsign')",82.75240384615384
5,5,"(('a', (('a', 'b'), ('b', ('a', ('a', ('a', 'b')))))), 'relu')",82.75240384615384
0,0,"(('a', 'b'), 'softplus')",69.51121794871794
1,1,"(('a', ('a', 'b')), 'sigmoid')",69.51121794871794
2,2,"((('a', 'b'), ('a', ('a', 'b'))), 'selu')",69.51121794871794
3,3,"(('b', ('a', ('a', 'b'))), 'log_sigmoid')",69.51121794871794
4,4,"(('b', ('a', 'b')), 'celu')",69.51121794871794
5,5,"((('b', ('a', ('a', 'b'))), ('b', ('a', 'b'))), 'softsign')",69.51121794871794
0,0,"(('a', 'b'), 'sigmoid')",84.73557692307692
1,1,"(('a', ('a', 'b')), 'selu')",84.73557692307692
2,2,"(('b', ('a', 'b')), 'selu')",84.73557692307692
3,3,"(('b', ('a', ('a', 'b'))), 'tanh')",84.73557692307692
4,4,"((('b', ('a', 'b')), ('b', ('a', ('a', 'b')))), 'sigmoid')",84.73557692307692
5,5,"((('b', ('a', ('a', 'b'))), (('b', ('a', 'b')), ('b', ('a', ('a', 'b'))))), 'tanh')",84.73557692307692
0,0,"(('a', 'b'), 'selu')",72.84655448717949
1,1,"(('a', ('a', 'b')), 'selu')",72.84655448717949
2,2,"(('b', ('a', ('a', 'b'))), 'relu')",72.84655448717949
3,3,"(('a', ('b', ('a', ('a', 'b')))), 'elu')",72.84655448717949
4,4,"((('b', ('a', ('a', 'b'))), ('a', ('b', ('a', ('a', 'b'))))), 'tanh')",72.84655448717949
5,5,"((('a', 'b'), ('b', ('a', ('a', 'b')))), 'relu')",72.84655448717949
0,0,"(('a', 'b'), 'log_sigmoid')",77.74439102564102
1,1,"(('a', ('a', 'b')), 'softplus')",77.74439102564102
2,2,"(('b', ('a', ('a', 'b'))), 'tanh')",77.74439102564102
3,3,"(('b', ('a', 'b')), 'tanh')",77.74439102564102
4,4,"(('a', ('b', ('a', 'b'))), 'softsign')",77.74439102564102
5,5,"((('b', ('a', ('a', 'b'))), ('b', ('a', 'b'))), 'sigmoid')",77.74439102564102
0,0,"(('a', 'b'), 'log_sigmoid')",79.14663461538461
1,1,"(('b', ('a', 'b')), 'log_sigmoid')",79.14663461538461
2,2,"(('a', ('b', ('a', 'b'))), 'celu')",79.14663461538461
3,3,"(('b', ('a', ('b', ('a', 'b')))), 'softplus')",79.14663461538461
4,4,"((('b', ('a', 'b')), ('b', ('a', ('b', ('a', 'b'))))), 'relu')",79.14663461538461
5,5,"(('b', ('b', ('a', ('b', ('a', 'b'))))), 'tanh')",79.14663461538461
0,0,"(('a', 'b'), 'sigmoid')",82.75240384615384
1,1,"(('b', ('a', 'b')), 'relu')",82.75240384615384
2,2,"(('a', ('b', ('a', 'b'))), 'softsign')",82.75240384615384
3,3,"((('b', ('a', 'b')), ('a', ('b', ('a', 'b')))), 'softsign')",82.75240384615384
4,4,"(('a', ('a', ('b', ('a', 'b')))), 'sigmoid')",82.75240384615384
5,5,"(('b', ('a', ('a', ('b', ('a', 'b'))))), 'softplus')",82.75240384615384
0,0,"(('a', 'b'), 'sigmoid')",87.4599358974359
1,1,"(('b', ('a', 'b')), 'tanh')",87.4599358974359
2,2,"(('b', ('b', ('a', 'b'))), 'elu')",87.4599358974359
3,3,"(('a', ('b', ('a', 'b'))), 'relu')",87.4599358974359
4,4,"(('a', ('b', ('b', ('a', 'b')))), 'tanh')",87.4599358974359
5,5,"((('a', 'b'), ('b', ('a', 'b'))), 'relu')",87.4599358974359
0,0,"(('a', 'b'), 'elu')",68.77003205128206
1,1,"(('b', ('a', 'b')), 'elu')",68.77003205128206
2,2,"((('a', 'b'), ('b', ('a', 'b'))), 'celu')",68.77003205128206
3,3,"(('a', ('a', 'b')), 'selu')",68.77003205128206
4,4,"(('b', ('b', ('a', 'b'))), 'elu')",68.77003205128206
5,5,"(('a', (('a', 'b'), ('b', ('a', 'b')))), 'log_sigmoid')",68.77003205128206
0,0,"(('a', 'b'), 'sigmoid')",86.90905448717949
1,1,"(('b', ('a', 'b')), 'elu')",86.90905448717949
2,2,"((('a', 'b'), ('b', ('a', 'b'))), 'tanh')",86.90905448717949
3,3,"((('b', ('a', 'b')), (('a', 'b'), ('b', ('a', 'b')))), 'tanh')",86.90905448717949
4,4,"(('a', ('a', 'b')), 'celu')",86.90905448717949
5,5,"(((('a', 'b'), ('b', ('a', 'b'))), ('a', ('a', 'b'))), 'log_sigmoid')",86.90905448717949
0,0,"(('a', 'b'), 'softplus')",85.28645833333333
1,1,"(('b', ('a', 'b')), 'selu')",85.28645833333333
2,2,"(('a', ('a', 'b')), 'softsign')",85.28645833333333
3,3,"(('a', ('a', ('a', 'b'))), 'elu')",85.28645833333333
4,4,"((('a', 'b'), ('b', ('a', 'b'))), 'softplus')",85.28645833333333
5,5,"((('a', ('a', 'b')), ('a', ('a', ('a', 'b')))), 'selu')",85.28645833333333
0,0,"(('a', 'b'), 'sigmoid')",79.27684294871794
1,1,"(('a', ('a', 'b')), 'relu')",79.27684294871794
2,2,"(('b', ('a', 'b')), 'relu')",79.27684294871794
3,3,"((('a', ('a', 'b')), ('b', ('a', 'b'))), 'softsign')",79.27684294871794
4,4,"(('b', ('a', ('a', 'b'))), 'celu')",79.27684294871794
5,5,"((('b', ('a', 'b')), ('b', ('a', ('a', 'b')))), 'sigmoid')",79.27684294871794
0,0,"(('a', 'b'), 'softsign')",75.38060897435898
1,1,"(('a', ('a', 'b')), 'log_sigmoid')",75.38060897435898
2,2,"(('b', ('a', 'b')), 'elu')",75.38060897435898
3,3,"(('a', ('b', ('a', 'b'))), 'elu')",75.38060897435898
4,4,"(('b', ('b', ('a', 'b'))), 'softplus')",75.38060897435898
5,5,"(('a', ('a', ('b', ('a', 'b')))), 'sigmoid')",75.38060897435898
0,0,"(('a', 'b'), 'relu')",77.19350961538461
1,1,"(('a', ('a', 'b')), 'elu')",77.19350961538461
2,2,"(('b', ('a', ('a', 'b'))), 'log_sigmoid')",77.19350961538461
3,3,"(('a', ('a', ('a', 'b'))), 'tanh')",77.19350961538461
4,4,"((('a', ('a', 'b')), ('a', ('a', ('a', 'b')))), 'selu')",77.19350961538461
5,5,"((('b', ('a', ('a', 'b'))), (('a', ('a', 'b')), ('a', ('a', ('a', 'b'))))), 'sigmoid')",77.19350961538461
0,0,"(('a', 'b'), 'softplus')",83.76402243589743
1,1,"(('b', ('a', 'b')), 'tanh')",83.76402243589743
2,2,"((('a', 'b'), ('b', ('a', 'b'))), 'softsign')",83.76402243589743
3,3,"(('a', ('a', 'b')), 'softsign')",83.76402243589743
4,4,"((('a', 'b'), ('a', ('a', 'b'))), 'softplus')",83.76402243589743
5,5,"(((('a', 'b'), ('b', ('a', 'b'))), ('a', ('a', 'b'))), 'elu')",83.76402243589743
0,0,"(('a', 'b'), 'tanh')",82.59214743589743
1,1,"(('b', ('a', 'b')), 'celu')",82.59214743589743
2,2,"(('a', ('a', 'b')), 'tanh')",82.59214743589743
3,3,"(('a', ('b', ('a', 'b'))), 'sigmoid')",82.59214743589743
4,4,"((('a', ('a', 'b')), ('a', ('b', ('a', 'b')))), 'softplus')",82.59214743589743
5,5,"((('a', 'b'), ('a', ('b', ('a', 'b')))), 'log_sigmoid')",82.59214743589743
0,0,"(('a', 'b'), 'celu')",72.13541666666667
1,1,"(('b', ('a', 'b')), 'celu')",72.13541666666667
2,2,"((('a', 'b'), ('b', ('a', 'b'))), 'sigmoid')",72.13541666666667
3,3,"(('a', ('a', 'b')), 'elu')",72.13541666666667
4,4,"((('b', ('a', 'b')), (('a', 'b'), ('b', ('a', 'b')))), 'celu')",72.13541666666667
5,5,"(('b', (('b', ('a', 'b')), (('a', 'b'), ('b', ('a', 'b'))))), 'selu')",72.13541666666667
0,0,"(('a', 'b'), 'selu')",81.67067307692308
1,1,"(('a', ('a', 'b')), 'celu')",81.67067307692308
2,2,"((('a', 'b'), ('a', ('a', 'b'))), 'tanh')",81.67067307692308
3,3,"(('a', ('a', ('a', 'b'))), 'tanh')",81.67067307692308
4,4,"(('b', (('a', 'b'), ('a', ('a', 'b')))), 'elu')",81.67067307692308
5,5,"((('a', ('a', 'b')), ('a', ('a', ('a', 'b')))), 'softsign')",81.67067307692308
0,0,"(('a', 'b'), 'log_sigmoid')",82.67227564102564
1,1,"(('b', ('a', 'b')), 'relu')",82.67227564102564
2,2,"(('a', ('a', 'b')), 'log_sigmoid')",82.67227564102564
3,3,"(('b', ('a', ('a', 'b'))), 'softsign')",82.67227564102564
4,4,"((('b', ('a', 'b')), ('a', ('a', 'b'))), 'softsign')",82.67227564102564
5,5,"((('a', ('a', 'b')), ('b', ('a', ('a', 'b')))), 'log_sigmoid')",82.67227564102564
0,0,"(('a', 'b'), 'relu')",88.31129807692308
1,1,"(('a', ('a', 'b')), 'tanh')",88.31129807692308
2,2,"((('a', 'b'), ('a', ('a', 'b'))), 'sigmoid')",88.31129807692308
3,3,"(('b', ('a', 'b')), 'softsign')",88.31129807692308
4,4,"((('a', 'b'), (('a', 'b'), ('a', ('a', 'b')))), 'log_sigmoid')",88.31129807692308
5,5,"(((('a', 'b'), ('a', ('a', 'b'))), (('a', 'b'), (('a', 'b'), ('a', ('a', 'b'))))), 'celu')",88.31129807692308
0,0,"(('a', 'b'), 'elu')",76.39222756410257
1,1,"(('a', ('a', 'b')), 'softplus')",76.39222756410257
2,2,"(('b', ('a', ('a', 'b'))), 'softsign')",76.39222756410257
3,3,"(('a', ('b', ('a', ('a', 'b')))), 'selu')",76.39222756410257
4,4,"((('b', ('a', ('a', 'b'))), ('a', ('b', ('a', ('a', 'b'))))), 'tanh')",76.39222756410257
5,5,"(('b', ('a', 'b')), 'log_sigmoid')",76.39222756410257
0,0,"(('a', 'b'), 'log_sigmoid')",83.99439102564102
1,1,"(('b', ('a', 'b')), 'celu')",83.99439102564102
2,2,"(('a', ('b', ('a', 'b'))), 'tanh')",83.99439102564102
3,3,"(('b', ('a', ('b', ('a', 'b')))), 'softplus')",83.99439102564102
4,4,"((('a', 'b'), ('a', ('b', ('a', 'b')))), 'celu')",83.99439102564102
5,5,"((('b', ('a', 'b')), ('a', ('b', ('a', 'b')))), 'tanh')",83.99439102564102
0,0,"(('a', 'b'), 'softsign')",85.86738782051282
1,1,"(('b', ('a', 'b')), 'celu')",85.86738782051282
2,2,"(('b', ('b', ('a', 'b'))), 'tanh')",85.86738782051282
3,3,"(('a', ('b', ('a', 'b'))), 'elu')",85.86738782051282
4,4,"((('a', 'b'), ('b', ('a', 'b'))), 'selu')",85.86738782051282
5,5,"((('a', 'b'), ('a', ('b', ('a', 'b')))), 'softplus')",85.86738782051282
0,0,"(('a', 'b'), 'softsign')",70.15224358974359
1,1,"(('b', ('a', 'b')), 'log_sigmoid')",70.15224358974359
2,2,"(('a', ('b', ('a', 'b'))), 'celu')",70.15224358974359
3,3,"((('a', 'b'), ('a', ('b', ('a', 'b')))), 'selu')",70.15224358974359
4,4,"(('a', (('a', 'b'), ('a', ('b', ('a', 'b'))))), 'celu')",70.15224358974359
5,5,"((('a', 'b'), ('a', (('a', 'b'), ('a', ('b', ('a', 'b')))))), 'elu')",70.15224358974359
0,0,"(('a', 'b'), 'relu')",81.26001602564102
1,1,"(('b', ('a', 'b')), 'elu')",81.26001602564102
2,2,"((('a', 'b'), ('b', ('a', 'b'))), 'elu')",81.26001602564102
3,3,"(('b', (('a', 'b'), ('b', ('a', 'b')))), 'sigmoid')",81.26001602564102
4,4,"((('a', 'b'), (('a', 'b'), ('b', ('a', 'b')))), 'elu')",81.26001602564102
5,5,"(((('a', 'b'), ('b', ('a', 'b'))), (('a', 'b'), (('a', 'b'), ('b', ('a', 'b'))))), 'tanh')",81.26001602564102
0,0,"(('a', 'b'), 'elu')",64.1025641025641
1,1,"(('b', ('a', 'b')), 'tanh')",64.1025641025641
2,2,"(('a', ('b', ('a', 'b'))), 'celu')",64.1025641025641
3,3,"((('a', 'b'), ('a', ('b', ('a', 'b')))), 'softsign')",64.1025641025641
4,4,"((('a', 'b'), ('b', ('a', 'b'))), 'tanh')",64.1025641025641
5,5,"(((('a', 'b'), ('a', ('b', ('a', 'b')))), (('a', 'b'), ('b', ('a', 'b')))), 'tanh')",64.1025641025641
0,0,"(('a', 'b'), 'celu')",73.79807692307692
1,1,"(('a', ('a', 'b')), 'log_sigmoid')",73.79807692307692
2,2,"(('a', ('a', ('a', 'b'))), 'tanh')",73.79807692307692
3,3,"(('b', ('a', 'b')), 'celu')",73.79807692307692
4,4,"((('a', ('a', 'b')), ('a', ('a', ('a', 'b')))), 'relu')",73.79807692307692
5,5,"(('a', ('b', ('a', 'b'))), 'tanh')",73.79807692307692
0,0,"(('a', 'b'), 'selu')",71.74479166666667
1,1,"(('a', ('a', 'b')), 'selu')",71.74479166666667
2,2,"(('b', ('a', ('a', 'b'))), 'softsign')",71.74479166666667
3,3,"(('b', ('a', 'b')), 'relu')",71.74479166666667
4,4,"(('b', ('b', ('a', ('a', 'b')))), 'log_sigmoid')",71.74479166666667
5,5,"(('a', ('b', ('a', 'b'))), 'log_sigmoid')",71.74479166666667
0,0,"(('a', 'b'), 'softsign')",86.23798076923077
1,1,"(('b', ('a', 'b')), 'sigmoid')",86.23798076923077
2,2,"(('b', ('b', ('a', 'b'))), 'sigmoid')",86.23798076923077
3,3,"((('a', 'b'), ('b', ('a', 'b'))), 'elu')",86.23798076923077
4,4,"(('a', ('b', ('a', 'b'))), 'relu')",86.23798076923077
5,5,"(('b', (('a', 'b'), ('b', ('a', 'b')))), 'sigmoid')",86.23798076923077
0,0,"(('a', 'b'), 'relu')",63.07091346153846
1,1,"(('a', ('a', 'b')), 'celu')",63.07091346153846
2,2,"((('a', 'b'), ('a', ('a', 'b'))), 'relu')",63.07091346153846
3,3,"((('a', 'b'), (('a', 'b'), ('a', ('a', 'b')))), 'tanh')",63.07091346153846
4,4,"((('a', ('a', 'b')), (('a', 'b'), (('a', 'b'), ('a', ('a', 'b'))))), 'softsign')",63.07091346153846
5,5,"(((('a', 'b'), ('a', ('a', 'b'))), (('a', ('a', 'b')), (('a', 'b'), (('a', 'b'), ('a', ('a', 'b')))))), 'relu')",63.07091346153846
0,0,"(('a', 'b'), 'celu')",84.90584935897436
1,1,"(('a', ('a', 'b')), 'sigmoid')",84.90584935897436
2,2,"(('b', ('a', 'b')), 'softsign')",84.90584935897436
3,3,"(('b', ('a', ('a', 'b'))), 'softsign')",84.90584935897436
4,4,"((('a', 'b'), ('b', ('a', ('a', 'b')))), 'celu')",84.90584935897436
5,5,"((('a', ('a', 'b')), ('b', ('a', 'b'))), 'celu')",84.90584935897436
0,0,"(('a', 'b'), 'log_sigmoid')",77.97475961538461
1,1,"(('a', ('a', 'b')), 'sigmoid')",77.97475961538461
2,2,"(('a', ('a', ('a', 'b'))), 'celu')",77.97475961538461
3,3,"(('a', ('a', ('a', ('a', 'b')))), 'relu')",77.97475961538461
4,4,"((('a', ('a', 'b')), ('a', ('a', ('a', ('a', 'b'))))), 'elu')",77.97475961538461
5,5,"(('b', ('a', ('a', ('a', 'b')))), 'softplus')",77.97475961538461
0,0,"(('a', 'b'), 'celu')",65.90544871794872
1,1,"(('b', ('a', 'b')), 'sigmoid')",65.90544871794872
2,2,"(('b', ('b', ('a', 'b'))), 'softplus')",65.90544871794872
3,3,"(('a', ('b', ('a', 'b'))), 'softsign')",65.90544871794872
4,4,"(('a', ('b', ('b', ('a', 'b')))), 'relu')",65.90544871794872
5,5,"((('b', ('a', 'b')), ('b', ('b', ('a', 'b')))), 'celu')",65.90544871794872
0,0,"(('a', 'b'), 'softsign')",77.33373397435898
1,1,"(('a', ('a', 'b')), 'sigmoid')",77.33373397435898
2,2,"(('a', ('a', ('a', 'b'))), 'tanh')",77.33373397435898
3,3,"((('a', 'b'), ('a', ('a', 'b'))), 'softsign')",77.33373397435898
4,4,"(('b', ('a', 'b')), 'tanh')",77.33373397435898
5,5,"(('b', ('a', ('a', ('a', 'b')))), 'softsign')",77.33373397435898
0,0,"(('a', 'b'), 'relu')",63.181089743589745
1,1,"(('a', ('a', 'b')), 'softsign')",63.181089743589745
2,2,"(('b', ('a', ('a', 'b'))), 'relu')",63.181089743589745
3,3,"(('a', ('a', ('a', 'b'))), 'elu')",63.181089743589745
4,4,"((('a', 'b'), ('a', ('a', 'b'))), 'log_sigmoid')",63.181089743589745
5,5,"(('b', ('a', ('a', ('a', 'b')))), 'softplus')",63.181089743589745
0,0,"(('a', 'b'), 'softsign')",75.95152243589743
1,1,"(('a', ('a', 'b')), 'softsign')",75.95152243589743
2,2,"(('a', ('a', ('a', 'b'))), 'elu')",75.95152243589743
3,3,"(('b', ('a', 'b')), 'softsign')",75.95152243589743
4,4,"(('a', ('b', ('a', 'b'))), 'relu')",75.95152243589743
5,5,"(('b', ('a', ('a', 'b'))), 'relu')",75.95152243589743
0,0,"(('a', 'b'), 'log_sigmoid')",83.35336538461539
1,1,"(('b', ('a', 'b')), 'softplus')",83.35336538461539
2,2,"(('a', ('b', ('a', 'b'))), 'softplus')",83.35336538461539
3,3,"((('a', 'b'), ('b', ('a', 'b'))), 'celu')",83.35336538461539
4,4,"(('a', ('a', 'b')), 'log_sigmoid')",83.35336538461539
5,5,"((('b', ('a', 'b')), (('a', 'b'), ('b', ('a', 'b')))), 'softplus')",83.35336538461539
0,0,"(('a', 'b'), 'relu')",78.48557692307692
1,1,"(('a', ('a', 'b')), 'elu')",78.48557692307692
2,2,"((('a', 'b'), ('a', ('a', 'b'))), 'sigmoid')",78.48557692307692
3,3,"(('b', ('a', 'b')), 'tanh')",78.48557692307692
4,4,"(('b', (('a', 'b'), ('a', ('a', 'b')))), 'elu')",78.48557692307692
5,5,"(((('a', 'b'), ('a', ('a', 'b'))), ('b', (('a', 'b'), ('a', ('a', 'b'))))), 'celu')",78.48557692307692
0,0,"(('a', 'b'), 'softsign')",82.28165064102564
1,1,"(('a', ('a', 'b')), 'sigmoid')",82.28165064102564
2,2,"(('b', ('a', ('a', 'b'))), 'elu')",82.28165064102564
3,3,"(('b', ('b', ('a', ('a', 'b')))), 'softplus')",82.28165064102564
4,4,"((('a', ('a', 'b')), ('b', ('b', ('a', ('a', 'b'))))), 'log_sigmoid')",82.28165064102564
5,5,"((('b', ('a', ('a', 'b'))), ('b', ('b', ('a', ('a', 'b'))))), 'relu')",82.28165064102564
0,0,"(('a', 'b'), 'celu')",86.31810897435898
1,1,"(('b', ('a', 'b')), 'sigmoid')",86.31810897435898
2,2,"(('b', ('b', ('a', 'b'))), 'celu')",86.31810897435898
3,3,"(('b', ('b', ('b', ('a', 'b')))), 'celu')",86.31810897435898
4,4,"(('b', ('b', ('b', ('b', ('a', 'b'))))), 'celu')",86.31810897435898
5,5,"((('a', 'b'), ('b', ('b', ('b', ('b', ('a', 'b')))))), 'softplus')",86.31810897435898
0,0,"(('a', 'b'), 'elu')",68.76001602564102
1,1,"(('a', ('a', 'b')), 'elu')",68.76001602564102
2,2,"(('b', ('a', ('a', 'b'))), 'sigmoid')",68.76001602564102
3,3,"(('a', ('a', ('a', 'b'))), 'softplus')",68.76001602564102
4,4,"((('a', ('a', 'b')), ('a', ('a', ('a', 'b')))), 'log_sigmoid')",68.76001602564102
5,5,"((('a', ('a', ('a', 'b'))), (('a', ('a', 'b')), ('a', ('a', ('a', 'b'))))), 'tanh')",68.76001602564102
0,0,"(('a', 'b'), 'selu')",85.5068108974359
1,1,"(('b', ('a', 'b')), 'softsign')",85.5068108974359
2,2,"((('a', 'b'), ('b', ('a', 'b'))), 'softsign')",85.5068108974359
3,3,"(('a', ('b', ('a', 'b'))), 'celu')",85.5068108974359
4,4,"((('b', ('a', 'b')), ('a', ('b', ('a', 'b')))), 'softplus')",85.5068108974359
5,5,"((('a', 'b'), (('b', ('a', 'b')), ('a', ('b', ('a', 'b'))))), 'softplus')",85.5068108974359
0,0,"(('a', 'b'), 'selu')",85.71714743589743
1,1,"(('b', ('a', 'b')), 'elu')",85.71714743589743
2,2,"(('b', ('b', ('a', 'b'))), 'log_sigmoid')",85.71714743589743
3,3,"(('b', ('b', ('b', ('a', 'b')))), 'log_sigmoid')",85.71714743589743
4,4,"(('b', ('b', ('b', ('b', ('a', 'b'))))), 'elu')",85.71714743589743
5,5,"((('b', ('b', ('b', ('a', 'b')))), ('b', ('b', ('b', ('b', ('a', 'b')))))), 'log_sigmoid')",85.71714743589743
0,0,"(('a', 'b'), 'celu')",79.90785256410257
1,1,"(('b', ('a', 'b')), 'elu')",79.90785256410257
2,2,"(('a', ('a', 'b')), 'tanh')",79.90785256410257
3,3,"((('a', 'b'), ('a', ('a', 'b'))), 'softplus')",79.90785256410257
4,4,"((('b', ('a', 'b')), (('a', 'b'), ('a', ('a', 'b')))), 'celu')",79.90785256410257
5,5,"(('b', (('a', 'b'), ('a', ('a', 'b')))), 'tanh')",79.90785256410257
0,0,"(('a', 'b'), 'relu')",73.49759615384616
1,1,"(('b', ('a', 'b')), 'relu')",73.49759615384616
2,2,"(('a', ('a', 'b')), 'softplus')",73.49759615384616
3,3,"(('b', ('a', ('a', 'b'))), 'celu')",73.49759615384616
4,4,"(('a', ('b', ('a', ('a', 'b')))), 'softplus')",73.49759615384616
5,5,"((('a', ('a', 'b')), ('a', ('b', ('a', ('a', 'b'))))), 'softplus')",73.49759615384616
0,0,"(('a', 'b'), 'softplus')",61.197916666666664
1,1,"(('b', ('a', 'b')), 'sigmoid')",61.197916666666664
2,2,"(('a', ('b', ('a', 'b'))), 'celu')",61.197916666666664
3,3,"(('a', ('a', 'b')), 'softplus')",61.197916666666664
4,4,"(('b', ('a', ('a', 'b'))), 'softplus')",61.197916666666664
5,5,"(('b', ('b', ('a', 'b'))), 'celu')",61.197916666666664
0,0,"(('a', 'b'), 'selu')",69.16065705128206
1,1,"(('b', ('a', 'b')), 'softplus')",69.16065705128206
2,2,"(('a', ('b', ('a', 'b'))), 'softplus')",69.16065705128206
3,3,"(('a', ('a', 'b')), 'log_sigmoid')",69.16065705128206
4,4,"(('b', ('a', ('a', 'b'))), 'elu')",69.16065705128206
5,5,"((('b', ('a', 'b')), ('b', ('a', ('a', 'b')))), 'relu')",69.16065705128206
0,0,"(('a', 'b'), 'celu')",62.07932692307692
1,1,"(('a', ('a', 'b')), 'relu')",62.07932692307692
2,2,"(('a', ('a', ('a', 'b'))), 'softsign')",62.07932692307692
3,3,"(('b', ('a', ('a', ('a', 'b')))), 'selu')",62.07932692307692
4,4,"(('b', ('a', ('a', 'b'))), 'relu')",62.07932692307692
5,5,"((('a', ('a', 'b')), ('b', ('a', ('a', 'b')))), 'tanh')",62.07932692307692
0,0,"(('a', 'b'), 'tanh')",79.50721153846153
1,1,"(('b', ('a', 'b')), 'softsign')",79.50721153846153
2,2,"(('a', ('b', ('a', 'b'))), 'elu')",79.50721153846153
3,3,"(('a', ('a', ('b', ('a', 'b')))), 'softplus')",79.50721153846153
4,4,"((('a', 'b'), ('b', ('a', 'b'))), 'softplus')",79.50721153846153
5,5,"((('a', ('a', ('b', ('a', 'b')))), (('a', 'b'), ('b', ('a', 'b')))), 'log_sigmoid')",79.50721153846153
0,0,"(('a', 'b'), 'softsign')",80.28846153846153
1,1,"(('a', ('a', 'b')), 'softplus')",80.28846153846153
2,2,"(('a', ('a', ('a', 'b'))), 'selu')",80.28846153846153
3,3,"((('a', 'b'), ('a', ('a', 'b'))), 'tanh')",80.28846153846153
4,4,"((('a', ('a', 'b')), (('a', 'b'), ('a', ('a', 'b')))), 'softsign')",80.28846153846153
5,5,"(('b', ('a', ('a', ('a', 'b')))), 'softsign')",80.28846153846153
0,0,"(('a', 'b'), 'tanh')",76.00160256410257
1,1,"(('b', ('a', 'b')), 'tanh')",76.00160256410257
2,2,"(('a', ('a', 'b')), 'selu')",76.00160256410257
3,3,"(('a', ('b', ('a', 'b'))), 'sigmoid')",76.00160256410257
4,4,"(('a', ('a', ('a', 'b'))), 'celu')",76.00160256410257
5,5,"((('b', ('a', 'b')), ('a', ('a', 'b'))), 'tanh')",76.00160256410257
0,0,"(('a', 'b'), 'softsign')",85.13621794871794
1,1,"(('a', ('a', 'b')), 'sigmoid')",85.13621794871794
2,2,"((('a', 'b'), ('a', ('a', 'b'))), 'tanh')",85.13621794871794
3,3,"(('b', ('a', ('a', 'b'))), 'relu')",85.13621794871794
4,4,"(('a', ('a', ('a', 'b'))), 'celu')",85.13621794871794
5,5,"(('b', (('a', 'b'), ('a', ('a', 'b')))), 'softplus')",85.13621794871794
0,0,"(('a', 'b'), 'softsign')",74.86979166666667
1,1,"(('a', ('a', 'b')), 'selu')",74.86979166666667
2,2,"(('b', ('a', 'b')), 'relu')",74.86979166666667
3,3,"((('a', 'b'), ('b', ('a', 'b'))), 'celu')",74.86979166666667
4,4,"((('a', 'b'), (('a', 'b'), ('b', ('a', 'b')))), 'softsign')",74.86979166666667
5,5,"(('a', (('a', 'b'), (('a', 'b'), ('b', ('a', 'b'))))), 'relu')",74.86979166666667
0,0,"(('a', 'b'), 'softsign')",74.18870192307692
1,1,"(('a', ('a', 'b')), 'relu')",74.18870192307692
2,2,"((('a', 'b'), ('a', ('a', 'b'))), 'softsign')",74.18870192307692
3,3,"(('b', ('a', 'b')), 'sigmoid')",74.18870192307692
4,4,"(('a', ('b', ('a', 'b'))), 'relu')",74.18870192307692
5,5,"(('a', ('a', ('a', 'b'))), 'selu')",74.18870192307692
0,0,"(('a', 'b'), 'relu')",77.37379807692308
1,1,"(('a', ('a', 'b')), 'log_sigmoid')",77.37379807692308
2,2,"(('b', ('a', ('a', 'b'))), 'sigmoid')",77.37379807692308
3,3,"(('b', ('a', 'b')), 'log_sigmoid')",77.37379807692308
4,4,"((('a', 'b'), ('a', ('a', 'b'))), 'selu')",77.37379807692308
5,5,"(('b', (('a', 'b'), ('a', ('a', 'b')))), 'tanh')",77.37379807692308
0,0,"(('a', 'b'), 'softsign')",85.17628205128206
1,1,"(('a', ('a', 'b')), 'celu')",85.17628205128206
2,2,"(('a', ('a', ('a', 'b'))), 'elu')",85.17628205128206
3,3,"((('a', ('a', 'b')), ('a', ('a', ('a', 'b')))), 'softsign')",85.17628205128206
4,4,"((('a', 'b'), (('a', ('a', 'b')), ('a', ('a', ('a', 'b'))))), 'softsign')",85.17628205128206
5,5,"(('b', ('a', ('a', ('a', 'b')))), 'elu')",85.17628205128206
0,0,"(('a', 'b'), 'tanh')",81.93108974358974
1,1,"(('b', ('a', 'b')), 'softsign')",81.93108974358974
2,2,"(('b', ('b', ('a', 'b'))), 'tanh')",81.93108974358974
3,3,"(('b', ('b', ('b', ('a', 'b')))), 'softplus')",81.93108974358974
4,4,"((('b', ('b', ('a', 'b'))), ('b', ('b', ('b', ('a', 'b'))))), 'relu')",81.93108974358974
5,5,"(('b', (('b', ('b', ('a', 'b'))), ('b', ('b', ('b', ('a', 'b')))))), 'tanh')",81.93108974358974
0,0,"(('a', 'b'), 'elu')",74.98998397435898
1,1,"(('a', ('a', 'b')), 'softsign')",74.98998397435898
2,2,"(('b', ('a', ('a', 'b'))), 'log_sigmoid')",74.98998397435898
3,3,"(('b', ('a', 'b')), 'softsign')",74.98998397435898
4,4,"(('a', ('b', ('a', ('a', 'b')))), 'selu')",74.98998397435898
5,5,"((('b', ('a', 'b')), ('a', ('b', ('a', ('a', 'b'))))), 'selu')",74.98998397435898
0,0,"(('a', 'b'), 'selu')",74.78966346153847
1,1,"(('b', ('a', 'b')), 'log_sigmoid')",74.78966346153847
2,2,"(('b', ('b', ('a', 'b'))), 'tanh')",74.78966346153847
3,3,"(('b', ('b', ('b', ('a', 'b')))), 'elu')",74.78966346153847
4,4,"(('b', ('b', ('b', ('b', ('a', 'b'))))), 'sigmoid')",74.78966346153847
5,5,"((('b', ('b', ('b', ('a', 'b')))), ('b', ('b', ('b', ('b', ('a', 'b')))))), 'celu')",74.78966346153847
0,0,"(('a', 'b'), 'relu')",70.21233974358974
1,1,"(('a', ('a', 'b')), 'tanh')",70.21233974358974
2,2,"(('b', ('a', 'b')), 'sigmoid')",70.21233974358974
3,3,"(('b', ('a', ('a', 'b'))), 'selu')",70.21233974358974
4,4,"(('b', ('b', ('a', 'b'))), 'selu')",70.21233974358974
5,5,"((('a', ('a', 'b')), ('b', ('a', 'b'))), 'softplus')",70.21233974358974
0,0,"(('a', 'b'), 'log_sigmoid')",75.87139423076923
1,1,"(('a', ('a', 'b')), 'softsign')",75.87139423076923
2,2,"(('b', ('a', 'b')), 'selu')",75.87139423076923
3,3,"(('a', ('b', ('a', 'b'))), 'celu')",75.87139423076923
4,4,"(('b', ('a', ('a', 'b'))), 'log_sigmoid')",75.87139423076923
5,5,"(('b', ('a', ('b', ('a', 'b')))), 'selu')",75.87139423076923
0,0,"(('a', 'b'), 'softplus')",74.58934294871794
1,1,"(('a', ('a', 'b')), 'elu')",74.58934294871794
2,2,"(('a', ('a', ('a', 'b'))), 'celu')",74.58934294871794
3,3,"((('a', 'b'), ('a', ('a', ('a', 'b')))), 'sigmoid')",74.58934294871794
4,4,"(('b', ('a', 'b')), 'tanh')",74.58934294871794
5,5,"((('a', ('a', 'b')), ('b', ('a', 'b'))), 'selu')",74.58934294871794
0,0,"(('a', 'b'), 'softplus')",71.61458333333333
1,1,"(('b', ('a', 'b')), 'elu')",71.61458333333333
2,2,"(('a', ('b', ('a', 'b'))), 'elu')",71.61458333333333
3,3,"(('b', ('a', ('b', ('a', 'b')))), 'tanh')",71.61458333333333
4,4,"(('a', ('b', ('a', ('b', ('a', 'b'))))), 'tanh')",71.61458333333333
5,5,"(('a', ('a', 'b')), 'tanh')",71.61458333333333
0,0,"(('a', 'b'), 'selu')",67.8485576923077
1,1,"(('b', ('a', 'b')), 'celu')",67.8485576923077
2,2,"(('b', ('b', ('a', 'b'))), 'softsign')",67.8485576923077
3,3,"((('b', ('a', 'b')), ('b', ('b', ('a', 'b')))), 'celu')",67.8485576923077
4,4,"((('a', 'b'), ('b', ('b', ('a', 'b')))), 'relu')",67.8485576923077
5,5,"(('a', (('b', ('a', 'b')), ('b', ('b', ('a', 'b'))))), 'log_sigmoid')",67.8485576923077
0,0,"(('a', 'b'), 'elu')",64.86378205128206
1,1,"(('b', ('a', 'b')), 'celu')",64.86378205128206
2,2,"((('a', 'b'), ('b', ('a', 'b'))), 'sigmoid')",64.86378205128206
3,3,"(('a', (('a', 'b'), ('b', ('a', 'b')))), 'sigmoid')",64.86378205128206
4,4,"(('a', ('b', ('a', 'b'))), 'softplus')",64.86378205128206
5,5,"(('b', ('b', ('a', 'b'))), 'celu')",64.86378205128206
0,0,"(('a', 'b'), 'softplus')",66.64663461538461
1,1,"(('b', ('a', 'b')), 'log_sigmoid')",66.64663461538461
2,2,"(('a', ('b', ('a', 'b'))), 'celu')",66.64663461538461
3,3,"(('a', ('a', ('b', ('a', 'b')))), 'elu')",66.64663461538461
4,4,"(('a', ('a', ('a', ('b', ('a', 'b'))))), 'elu')",66.64663461538461
5,5,"(('b', ('a', ('a', ('b', ('a', 'b'))))), 'tanh')",66.64663461538461
0,0,"(('a', 'b'), 'celu')",66.11578525641026
1,1,"(('a', ('a', 'b')), 'selu')",66.11578525641026
2,2,"(('b', ('a', ('a', 'b'))), 'selu')",66.11578525641026
3,3,"(('b', ('a', 'b')), 'celu')",66.11578525641026
4,4,"((('b', ('a', ('a', 'b'))), ('b', ('a', 'b'))), 'sigmoid')",66.11578525641026
5,5,"((('a', ('a', 'b')), ('b', ('a', ('a', 'b')))), 'relu')",66.11578525641026
0,0,"(('a', 'b'), 'softplus')",72.66626602564102
1,1,"(('b', ('a', 'b')), 'log_sigmoid')",72.66626602564102
2,2,"((('a', 'b'), ('b', ('a', 'b'))), 'log_sigmoid')",72.66626602564102
3,3,"(('b', (('a', 'b'), ('b', ('a', 'b')))), 'softsign')",72.66626602564102
4,4,"(('a', (('a', 'b'), ('b', ('a', 'b')))), 'sigmoid')",72.66626602564102
5,5,"(('b', ('b', ('a', 'b'))), 'log_sigmoid')",72.66626602564102
0,0,"(('a', 'b'), 'sigmoid')",81.84094551282051
1,1,"(('b', ('a', 'b')), 'tanh')",81.84094551282051
2,2,"(('a', ('b', ('a', 'b'))), 'elu')",81.84094551282051
3,3,"(('b', ('a', ('b', ('a', 'b')))), 'elu')",81.84094551282051
4,4,"(('a', ('a', 'b')), 'sigmoid')",81.84094551282051
5,5,"(('b', ('b', ('a', 'b'))), 'tanh')",81.84094551282051
0,0,"(('a', 'b'), 'softsign')",87.71033653846153
1,1,"(('b', ('a', 'b')), 'tanh')",87.71033653846153
2,2,"(('a', ('a', 'b')), 'softplus')",87.71033653846153
3,3,"(('b', ('a', ('a', 'b'))), 'celu')",87.71033653846153
4,4,"(('a', ('b', ('a', ('a', 'b')))), 'tanh')",87.71033653846153
5,5,"((('a', 'b'), ('a', ('a', 'b'))), 'selu')",87.71033653846153
0,0,"(('a', 'b'), 'relu')",60.37660256410256
1,1,"(('b', ('a', 'b')), 'selu')",60.37660256410256
2,2,"(('a', ('a', 'b')), 'selu')",60.37660256410256
3,3,"((('b', ('a', 'b')), ('a', ('a', 'b'))), 'selu')",60.37660256410256
4,4,"((('a', ('a', 'b')), (('b', ('a', 'b')), ('a', ('a', 'b')))), 'relu')",60.37660256410256
5,5,"(('a', (('a', ('a', 'b')), (('b', ('a', 'b')), ('a', ('a', 'b'))))), 'sigmoid')",60.37660256410256
0,0,"(('a', 'b'), 'softsign')",82.8525641025641
1,1,"(('a', ('a', 'b')), 'elu')",82.8525641025641
2,2,"((('a', 'b'), ('a', ('a', 'b'))), 'log_sigmoid')",82.8525641025641
3,3,"((('a', ('a', 'b')), (('a', 'b'), ('a', ('a', 'b')))), 'softsign')",82.8525641025641
4,4,"(('b', (('a', 'b'), ('a', ('a', 'b')))), 'celu')",82.8525641025641
5,5,"(((('a', ('a', 'b')), (('a', 'b'), ('a', ('a', 'b')))), ('b', (('a', 'b'), ('a', ('a', 'b'))))), 'log_sigmoid')",82.8525641025641
0,0,"(('a', 'b'), 'elu')",77.8545673076923
1,1,"(('a', ('a', 'b')), 'celu')",77.8545673076923
2,2,"(('a', ('a', ('a', 'b'))), 'softplus')",77.8545673076923
3,3,"(('b', ('a', ('a', ('a', 'b')))), 'celu')",77.8545673076923
4,4,"((('a', ('a', ('a', 'b'))), ('b', ('a', ('a', ('a', 'b'))))), 'celu')",77.8545673076923
5,5,"((('a', ('a', ('a', 'b'))), (('a', ('a', ('a', 'b'))), ('b', ('a', ('a', ('a', 'b')))))), 'celu')",77.8545673076923
0,0,"(('a', 'b'), 'selu')",75.6610576923077
1,1,"(('a', ('a', 'b')), 'log_sigmoid')",75.6610576923077
2,2,"(('a', ('a', ('a', 'b'))), 'celu')",75.6610576923077
3,3,"((('a', 'b'), ('a', ('a', ('a', 'b')))), 'elu')",75.6610576923077
4,4,"(('b', ('a', ('a', 'b'))), 'elu')",75.6610576923077
5,5,"((('a', 'b'), (('a', 'b'), ('a', ('a', ('a', 'b'))))), 'elu')",75.6610576923077
0,0,"(('a', 'b'), 'softsign')",77.3838141025641
1,1,"(('a', ('a', 'b')), 'softplus')",77.3838141025641
2,2,"(('a', ('a', ('a', 'b'))), 'softsign')",77.3838141025641
3,3,"((('a', 'b'), ('a', ('a', ('a', 'b')))), 'tanh')",77.3838141025641
4,4,"(('b', ('a', 'b')), 'log_sigmoid')",77.3838141025641
5,5,"((('a', 'b'), ('b', ('a', 'b'))), 'celu')",77.3838141025641
0,0,"(('a', 'b'), 'tanh')",78.49559294871794
1,1,"(('b', ('a', 'b')), 'sigmoid')",78.49559294871794
2,2,"((('a', 'b'), ('b', ('a', 'b'))), 'sigmoid')",78.49559294871794
3,3,"(('a', (('a', 'b'), ('b', ('a', 'b')))), 'selu')",78.49559294871794
4,4,"(((('a', 'b'), ('b', ('a', 'b'))), ('a', (('a', 'b'), ('b', ('a', 'b'))))), 'selu')",78.49559294871794
5,5,"((('a', 'b'), ('a', (('a', 'b'), ('b', ('a', 'b'))))), 'log_sigmoid')",78.49559294871794
0,0,"(('a', 'b'), 'elu')",75.32051282051282
1,1,"(('a', ('a', 'b')), 'celu')",75.32051282051282
2,2,"(('b', ('a', ('a', 'b'))), 'log_sigmoid')",75.32051282051282
3,3,"(('b', ('a', 'b')), 'elu')",75.32051282051282
4,4,"(('a', ('a', ('a', 'b'))), 'softsign')",75.32051282051282
5,5,"(('a', ('b', ('a', 'b'))), 'softplus')",75.32051282051282
0,0,"(('a', 'b'), 'softplus')",83.89423076923077
1,1,"(('a', ('a', 'b')), 'log_sigmoid')",83.89423076923077
2,2,"(('a', ('a', ('a', 'b'))), 'softsign')",83.89423076923077
3,3,"((('a', ('a', 'b')), ('a', ('a', ('a', 'b')))), 'celu')",83.89423076923077
4,4,"(('a', (('a', ('a', 'b')), ('a', ('a', ('a', 'b'))))), 'celu')",83.89423076923077
5,5,"((('a', ('a', 'b')), ('a', (('a', ('a', 'b')), ('a', ('a', ('a', 'b')))))), 'celu')",83.89423076923077
0,0,"(('a', 'b'), 'sigmoid')",76.0917467948718
1,1,"(('b', ('a', 'b')), 'relu')",76.0917467948718
2,2,"(('a', ('b', ('a', 'b'))), 'sigmoid')",76.0917467948718
3,3,"((('b', ('a', 'b')), ('a', ('b', ('a', 'b')))), 'log_sigmoid')",76.0917467948718
4,4,"(('b', ('b', ('a', 'b'))), 'celu')",76.0917467948718
5,5,"(('a', ('b', ('b', ('a', 'b')))), 'tanh')",76.0917467948718
0,0,"(('a', 'b'), 'selu')",74.94991987179488
1,1,"(('b', ('a', 'b')), 'relu')",74.94991987179488
2,2,"(('b', ('b', ('a', 'b'))), 'softsign')",74.94991987179488
3,3,"(('a', ('a', 'b')), 'elu')",74.94991987179488
4,4,"((('a', 'b'), ('a', ('a', 'b'))), 'softplus')",74.94991987179488
5,5,"((('b', ('b', ('a', 'b'))), (('a', 'b'), ('a', ('a', 'b')))), 'elu')",74.94991987179488
0,0,"(('a', 'b'), 'softplus')",84.85576923076923
1,1,"(('a', ('a', 'b')), 'sigmoid')",84.85576923076923
2,2,"(('b', ('a', ('a', 'b'))), 'celu')",84.85576923076923
3,3,"(('a', ('a', ('a', 'b'))), 'softsign')",84.85576923076923
4,4,"((('a', 'b'), ('a', ('a', ('a', 'b')))), 'relu')",84.85576923076923
5,5,"((('b', ('a', ('a', 'b'))), ('a', ('a', ('a', 'b')))), 'tanh')",84.85576923076923
0,0,"(('a', 'b'), 'softsign')",79.19671474358974
1,1,"(('b', ('a', 'b')), 'softsign')",79.19671474358974
2,2,"(('a', ('a', 'b')), 'tanh')",79.19671474358974
3,3,"((('a', 'b'), ('a', ('a', 'b'))), 'softplus')",79.19671474358974
4,4,"(('a', ('a', ('a', 'b'))), 'sigmoid')",79.19671474358974
5,5,"(('b', ('a', ('a', ('a', 'b')))), 'softsign')",79.19671474358974
0,0,"(('a', 'b'), 'tanh')",76.23197115384616
1,1,"(('b', ('a', 'b')), 'log_sigmoid')",76.23197115384616
2,2,"(('a', ('a', 'b')), 'sigmoid')",76.23197115384616
3,3,"((('a', 'b'), ('b', ('a', 'b'))), 'celu')",76.23197115384616
4,4,"((('a', 'b'), ('a', ('a', 'b'))), 'selu')",76.23197115384616
5,5,"(('b', (('a', 'b'), ('b', ('a', 'b')))), 'relu')",76.23197115384616
0,0,"(('a', 'b'), 'relu')",72.11538461538461
1,1,"(('b', ('a', 'b')), 'selu')",72.11538461538461
2,2,"((('a', 'b'), ('b', ('a', 'b'))), 'softplus')",72.11538461538461
3,3,"(('a', ('a', 'b')), 'log_sigmoid')",72.11538461538461
4,4,"(('b', ('b', ('a', 'b'))), 'celu')",72.11538461538461
5,5,"((('a', 'b'), ('a', ('a', 'b'))), 'log_sigmoid')",72.11538461538461
0,0,"(('a', 'b'), 'log_sigmoid')",73.21714743589743
1,1,"(('a', ('a', 'b')), 'tanh')",73.21714743589743
2,2,"(('a', ('a', ('a', 'b'))), 'softsign')",73.21714743589743
3,3,"((('a', 'b'), ('a', ('a', 'b'))), 'softsign')",73.21714743589743
4,4,"((('a', ('a', ('a', 'b'))), (('a', 'b'), ('a', ('a', 'b')))), 'celu')",73.21714743589743
5,5,"(('b', ('a', ('a', ('a', 'b')))), 'elu')",73.21714743589743
0,0,"(('a', 'b'), 'selu')",83.62379807692308
1,1,"(('a', ('a', 'b')), 'softsign')",83.62379807692308
2,2,"(('a', ('a', ('a', 'b'))), 'softplus')",83.62379807692308
3,3,"(('b', ('a', 'b')), 'celu')",83.62379807692308
4,4,"(('a', ('b', ('a', 'b'))), 'softplus')",83.62379807692308
5,5,"((('a', ('a', ('a', 'b'))), ('b', ('a', 'b'))), 'softplus')",83.62379807692308
0,0,"(('a', 'b'), 'elu')",72.74639423076923
1,1,"(('b', ('a', 'b')), 'log_sigmoid')",72.74639423076923
2,2,"((('a', 'b'), ('b', ('a', 'b'))), 'celu')",72.74639423076923
3,3,"(('b', (('a', 'b'), ('b', ('a', 'b')))), 'log_sigmoid')",72.74639423076923
4,4,"(((('a', 'b'), ('b', ('a', 'b'))), ('b', (('a', 'b'), ('b', ('a', 'b'))))), 'selu')",72.74639423076923
5,5,"((('a', 'b'), (('a', 'b'), ('b', ('a', 'b')))), 'selu')",72.74639423076923
0,0,"(('a', 'b'), 'sigmoid')",75.50080128205128
1,1,"(('b', ('a', 'b')), 'log_sigmoid')",75.50080128205128
2,2,"(('a', ('b', ('a', 'b'))), 'softsign')",75.50080128205128
3,3,"((('b', ('a', 'b')), ('a', ('b', ('a', 'b')))), 'tanh')",75.50080128205128
4,4,"((('a', ('b', ('a', 'b'))), (('b', ('a', 'b')), ('a', ('b', ('a', 'b'))))), 'celu')",75.50080128205128
5,5,"(('a', (('a', ('b', ('a', 'b'))), (('b', ('a', 'b')), ('a', ('b', ('a', 'b')))))), 'log_sigmoid')",75.50080128205128
0,0,"(('a', 'b'), 'selu')",70.38261217948718
1,1,"(('b', ('a', 'b')), 'relu')",70.38261217948718
2,2,"(('b', ('b', ('a', 'b'))), 'softsign')",70.38261217948718
3,3,"((('a', 'b'), ('b', ('b', ('a', 'b')))), 'elu')",70.38261217948718
4,4,"(('b', (('a', 'b'), ('b', ('b', ('a', 'b'))))), 'selu')",70.38261217948718
5,5,"(('a', ('b', (('a', 'b'), ('b', ('b', ('a', 'b')))))), 'softplus')",70.38261217948718
0,0,"(('a', 'b'), 'sigmoid')",78.44551282051282
1,1,"(('a', ('a', 'b')), 'softsign')",78.44551282051282
2,2,"(('b', ('a', 'b')), 'celu')",78.44551282051282
3,3,"(('b', ('b', ('a', 'b'))), 'log_sigmoid')",78.44551282051282
4,4,"(('b', ('a', ('a', 'b'))), 'celu')",78.44551282051282
5,5,"(('b', ('b', ('a', ('a', 'b')))), 'log_sigmoid')",78.44551282051282
0,0,"(('a', 'b'), 'elu')",69.0604967948718
1,1,"(('a', ('a', 'b')), 'relu')",69.0604967948718
2,2,"(('b', ('a', ('a', 'b'))), 'log_sigmoid')",69.0604967948718
3,3,"(('a', ('b', ('a', ('a', 'b')))), 'celu')",69.0604967948718
4,4,"((('a', 'b'), ('b', ('a', ('a', 'b')))), 'softsign')",69.0604967948718
5,5,"((('a', ('b', ('a', ('a', 'b')))), (('a', 'b'), ('b', ('a', ('a', 'b'))))), 'log_sigmoid')",69.0604967948718
0,0,"(('a', 'b'), 'tanh')",77.79447115384616
1,1,"(('a', ('a', 'b')), 'selu')",77.79447115384616
2,2,"(('b', ('a', 'b')), 'log_sigmoid')",77.79447115384616
3,3,"(('a', ('a', ('a', 'b'))), 'relu')",77.79447115384616
4,4,"(('a', ('b', ('a', 'b'))), 'tanh')",77.79447115384616
5,5,"(('b', ('a', ('b', ('a', 'b')))), 'softplus')",77.79447115384616
0,0,"(('a', 'b'), 'sigmoid')",70.44270833333333
1,1,"(('a', ('a', 'b')), 'elu')",70.44270833333333
2,2,"(('a', ('a', ('a', 'b'))), 'sigmoid')",70.44270833333333
3,3,"(('b', ('a', ('a', 'b'))), 'celu')",70.44270833333333
4,4,"(('a', ('a', ('a', ('a', 'b')))), 'sigmoid')",70.44270833333333
5,5,"(('b', ('b', ('a', ('a', 'b')))), 'selu')",70.44270833333333
0,0,"(('a', 'b'), 'selu')",81.40024038461539
1,1,"(('a', ('a', 'b')), 'celu')",81.40024038461539
2,2,"((('a', 'b'), ('a', ('a', 'b'))), 'sigmoid')",81.40024038461539
3,3,"((('a', ('a', 'b')), (('a', 'b'), ('a', ('a', 'b')))), 'celu')",81.40024038461539
4,4,"(((('a', 'b'), ('a', ('a', 'b'))), (('a', ('a', 'b')), (('a', 'b'), ('a', ('a', 'b'))))), 'selu')",81.40024038461539
5,5,"((('a', 'b'), (('a', ('a', 'b')), (('a', 'b'), ('a', ('a', 'b'))))), 'elu')",81.40024038461539
0,0,"(('a', 'b'), 'selu')",81.87099358974359
1,1,"(('a', ('a', 'b')), 'softplus')",81.87099358974359
2,2,"(('b', ('a', 'b')), 'elu')",81.87099358974359
3,3,"((('a', ('a', 'b')), ('b', ('a', 'b'))), 'selu')",81.87099358974359
4,4,"(('a', ('a', ('a', 'b'))), 'softsign')",81.87099358974359
5,5,"((('b', ('a', 'b')), ('a', ('a', ('a', 'b')))), 'tanh')",81.87099358974359
0,0,"(('a', 'b'), 'relu')",81.82091346153847
1,1,"(('b', ('a', 'b')), 'sigmoid')",81.82091346153847
2,2,"(('b', ('b', ('a', 'b'))), 'softsign')",81.82091346153847
3,3,"(('a', ('b', ('b', ('a', 'b')))), 'softsign')",81.82091346153847
4,4,"(('b', ('b', ('b', ('a', 'b')))), 'relu')",81.82091346153847
5,5,"(('a', ('a', ('b', ('b', ('a', 'b'))))), 'relu')",81.82091346153847
0,0,"(('a', 'b'), 'log_sigmoid')",72.6963141025641
1,1,"(('a', ('a', 'b')), 'tanh')",72.6963141025641
2,2,"(('b', ('a', 'b')), 'relu')",72.6963141025641
3,3,"((('a', 'b'), ('a', ('a', 'b'))), 'log_sigmoid')",72.6963141025641
4,4,"((('b', ('a', 'b')), (('a', 'b'), ('a', ('a', 'b')))), 'celu')",72.6963141025641
5,5,"(('a', ('b', ('a', 'b'))), 'selu')",72.6963141025641
0,0,"(('a', 'b'), 'elu')",80.61899038461539
1,1,"(('b', ('a', 'b')), 'sigmoid')",80.61899038461539
2,2,"((('a', 'b'), ('b', ('a', 'b'))), 'softsign')",80.61899038461539
3,3,"(('a', (('a', 'b'), ('b', ('a', 'b')))), 'softsign')",80.61899038461539
4,4,"((('b', ('a', 'b')), (('a', 'b'), ('b', ('a', 'b')))), 'log_sigmoid')",80.61899038461539
5,5,"(((('a', 'b'), ('b', ('a', 'b'))), ('a', (('a', 'b'), ('b', ('a', 'b'))))), 'elu')",80.61899038461539
0,0,"(('a', 'b'), 'tanh')",86.31810897435898
1,1,"(('b', ('a', 'b')), 'tanh')",86.31810897435898
2,2,"(('a', ('a', 'b')), 'celu')",86.31810897435898
3,3,"(('a', ('a', ('a', 'b'))), 'celu')",86.31810897435898
4,4,"(('b', ('a', ('a', 'b'))), 'relu')",86.31810897435898
5,5,"(('a', ('b', ('a', 'b'))), 'sigmoid')",86.31810897435898
0,0,"(('a', 'b'), 'celu')",71.2139423076923
1,1,"(('a', ('a', 'b')), 'elu')",71.2139423076923
2,2,"(('a', ('a', ('a', 'b'))), 'log_sigmoid')",71.2139423076923
3,3,"(('b', ('a', ('a', 'b'))), 'selu')",71.2139423076923
4,4,"((('a', ('a', ('a', 'b'))), ('b', ('a', ('a', 'b')))), 'tanh')",71.2139423076923
5,5,"(('a', ('a', ('a', ('a', 'b')))), 'elu')",71.2139423076923
0,0,"(('a', 'b'), 'log_sigmoid')",84.74559294871794
1,1,"(('a', ('a', 'b')), 'tanh')",84.74559294871794
2,2,"((('a', 'b'), ('a', ('a', 'b'))), 'softplus')",84.74559294871794
3,3,"(('a', (('a', 'b'), ('a', ('a', 'b')))), 'selu')",84.74559294871794
4,4,"((('a', ('a', 'b')), (('a', 'b'), ('a', ('a', 'b')))), 'celu')",84.74559294871794
5,5,"(((('a', 'b'), ('a', ('a', 'b'))), (('a', ('a', 'b')), (('a', 'b'), ('a', ('a', 'b'))))), 'tanh')",84.74559294871794
0,0,"(('a', 'b'), 'celu')",63.752003205128204
1,1,"(('a', ('a', 'b')), 'relu')",63.752003205128204
2,2,"(('b', ('a', ('a', 'b'))), 'selu')",63.752003205128204
3,3,"(('b', ('a', 'b')), 'softplus')",63.752003205128204
4,4,"(('b', ('b', ('a', ('a', 'b')))), 'elu')",63.752003205128204
5,5,"((('a', ('a', 'b')), ('b', ('a', 'b'))), 'selu')",63.752003205128204
0,0,"(('a', 'b'), 'softsign')",76.43229166666667
1,1,"(('a', ('a', 'b')), 'softplus')",76.43229166666667
2,2,"(('a', ('a', ('a', 'b'))), 'selu')",76.43229166666667
3,3,"(('b', ('a', ('a', 'b'))), 'softsign')",76.43229166666667
4,4,"((('a', ('a', ('a', 'b'))), ('b', ('a', ('a', 'b')))), 'elu')",76.43229166666667
5,5,"((('a', ('a', 'b')), ('b', ('a', ('a', 'b')))), 'relu')",76.43229166666667
0,0,"(('a', 'b'), 'sigmoid')",81.36017628205128
1,1,"(('a', ('a', 'b')), 'tanh')",81.36017628205128
2,2,"(('b', ('a', ('a', 'b'))), 'sigmoid')",81.36017628205128
3,3,"(('b', ('a', 'b')), 'softsign')",81.36017628205128
4,4,"((('a', 'b'), ('b', ('a', 'b'))), 'softplus')",81.36017628205128
5,5,"((('a', 'b'), (('a', 'b'), ('b', ('a', 'b')))), 'selu')",81.36017628205128
0,0,"(('a', 'b'), 'log_sigmoid')",74.2988782051282
1,1,"(('b', ('a', 'b')), 'elu')",74.2988782051282
2,2,"((('a', 'b'), ('b', ('a', 'b'))), 'relu')",74.2988782051282
3,3,"(('a', ('a', 'b')), 'softsign')",74.2988782051282
4,4,"(('a', (('a', 'b'), ('b', ('a', 'b')))), 'selu')",74.2988782051282
5,5,"(('a', ('a', ('a', 'b'))), 'elu')",74.2988782051282
0,0,"(('a', 'b'), 'celu')",77.97475961538461
1,1,"(('b', ('a', 'b')), 'softplus')",77.97475961538461
2,2,"(('b', ('b', ('a', 'b'))), 'relu')",77.97475961538461
3,3,"((('a', 'b'), ('b', ('a', 'b'))), 'celu')",77.97475961538461
4,4,"((('b', ('b', ('a', 'b'))), (('a', 'b'), ('b', ('a', 'b')))), 'softplus')",77.97475961538461
5,5,"((('a', 'b'), (('b', ('b', ('a', 'b'))), (('a', 'b'), ('b', ('a', 'b'))))), 'sigmoid')",77.97475961538461
0,0,"(('a', 'b'), 'softsign')",87.13942307692308
1,1,"(('a', ('a', 'b')), 'elu')",87.13942307692308
2,2,"(('a', ('a', ('a', 'b'))), 'relu')",87.13942307692308
3,3,"((('a', 'b'), ('a', ('a', ('a', 'b')))), 'sigmoid')",87.13942307692308
4,4,"(('b', ('a', ('a', ('a', 'b')))), 'log_sigmoid')",87.13942307692308
5,5,"(((('a', 'b'), ('a', ('a', ('a', 'b')))), ('b', ('a', ('a', ('a', 'b'))))), 'softsign')",87.13942307692308
0,0,"(('a', 'b'), 'relu')",73.92828525641026
1,1,"(('a', ('a', 'b')), 'sigmoid')",73.92828525641026
2,2,"(('b', ('a', ('a', 'b'))), 'softsign')",73.92828525641026
3,3,"(('a', ('a', ('a', 'b'))), 'softplus')",73.92828525641026
4,4,"((('a', ('a', 'b')), ('b', ('a', ('a', 'b')))), 'tanh')",73.92828525641026
5,5,"((('a', ('a', ('a', 'b'))), (('a', ('a', 'b')), ('b', ('a', ('a', 'b'))))), 'sigmoid')",73.92828525641026
0,0,"(('a', 'b'), 'selu')",34.54527243589744
1,1,"(('a', ('a', 'b')), 'softplus')",34.54527243589744
2,2,"(('a', ('a', ('a', 'b'))), 'softplus')",34.54527243589744
3,3,"(('b', ('a', ('a', 'b'))), 'selu')",34.54527243589744
4,4,"((('a', 'b'), ('a', ('a', 'b'))), 'elu')",34.54527243589744
5,5,"(('b', ('a', 'b')), 'relu')",34.54527243589744
0,0,"(('a', 'b'), 'log_sigmoid')",75.79126602564102
1,1,"(('b', ('a', 'b')), 'log_sigmoid')",75.79126602564102
2,2,"(('a', ('b', ('a', 'b'))), 'celu')",75.79126602564102
3,3,"((('b', ('a', 'b')), ('a', ('b', ('a', 'b')))), 'elu')",75.79126602564102
4,4,"((('b', ('a', 'b')), (('b', ('a', 'b')), ('a', ('b', ('a', 'b'))))), 'sigmoid')",75.79126602564102
5,5,"((('a', ('b', ('a', 'b'))), (('b', ('a', 'b')), (('b', ('a', 'b')), ('a', ('b', ('a', 'b')))))), 'celu')",75.79126602564102
0,0,"(('a', 'b'), 'tanh')",69.58133012820512
1,1,"(('b', ('a', 'b')), 'elu')",69.58133012820512
2,2,"(('a', ('b', ('a', 'b'))), 'relu')",69.58133012820512
3,3,"(('b', ('a', ('b', ('a', 'b')))), 'log_sigmoid')",69.58133012820512
4,4,"((('a', 'b'), ('b', ('a', 'b'))), 'log_sigmoid')",69.58133012820512
5,5,"(('a', ('b', ('a', ('b', ('a', 'b'))))), 'celu')",69.58133012820512
0,0,"(('a', 'b'), 'selu')",71.54447115384616
1,1,"(('a', ('a', 'b')), 'log_sigmoid')",71.54447115384616
2,2,"((('a', 'b'), ('a', ('a', 'b'))), 'softplus')",71.54447115384616
3,3,"(('a', ('a', ('a', 'b'))), 'log_sigmoid')",71.54447115384616
4,4,"((('a', ('a', 'b')), ('a', ('a', ('a', 'b')))), 'elu')",71.54447115384616
5,5,"(('a', (('a', 'b'), ('a', ('a', 'b')))), 'sigmoid')",71.54447115384616
0,0,"(('a', 'b'), 'sigmoid')",82.49198717948718
1,1,"(('a', ('a', 'b')), 'tanh')",82.49198717948718
2,2,"(('b', ('a', ('a', 'b'))), 'elu')",82.49198717948718
3,3,"((('a', 'b'), ('a', ('a', 'b'))), 'tanh')",82.49198717948718
4,4,"(('a', (('a', 'b'), ('a', ('a', 'b')))), 'softsign')",82.49198717948718
5,5,"((('a', 'b'), ('a', (('a', 'b'), ('a', ('a', 'b'))))), 'tanh')",82.49198717948718
0,0,"(('a', 'b'), 'sigmoid')",84.75560897435898
1,1,"(('b', ('a', 'b')), 'relu')",84.75560897435898
2,2,"(('a', ('b', ('a', 'b'))), 'selu')",84.75560897435898
3,3,"((('b', ('a', 'b')), ('a', ('b', ('a', 'b')))), 'sigmoid')",84.75560897435898
4,4,"(('a', ('a', 'b')), 'softsign')",84.75560897435898
5,5,"(('a', (('b', ('a', 'b')), ('a', ('b', ('a', 'b'))))), 'elu')",84.75560897435898
0,0,"(('a', 'b'), 'elu')",71.23397435897436
1,1,"(('a', ('a', 'b')), 'celu')",71.23397435897436
2,2,"(('b', ('a', 'b')), 'softplus')",71.23397435897436
3,3,"(('a', ('a', ('a', 'b'))), 'selu')",71.23397435897436
4,4,"((('a', 'b'), ('b', ('a', 'b'))), 'celu')",71.23397435897436
5,5,"(('a', ('a', ('a', ('a', 'b')))), 'tanh')",71.23397435897436
0,0,"(('a', 'b'), 'log_sigmoid')",83.17307692307692
1,1,"(('a', ('a', 'b')), 'relu')",83.17307692307692
2,2,"(('b', ('a', ('a', 'b'))), 'relu')",83.17307692307692
3,3,"(('a', ('b', ('a', ('a', 'b')))), 'log_sigmoid')",83.17307692307692
4,4,"((('b', ('a', ('a', 'b'))), ('a', ('b', ('a', ('a', 'b'))))), 'sigmoid')",83.17307692307692
5,5,"((('a', 'b'), (('b', ('a', ('a', 'b'))), ('a', ('b', ('a', ('a', 'b')))))), 'celu')",83.17307692307692
0,0,"(('a', 'b'), 'log_sigmoid')",65.63501602564102
1,1,"(('a', ('a', 'b')), 'celu')",65.63501602564102
2,2,"(('b', ('a', ('a', 'b'))), 'relu')",65.63501602564102
3,3,"(('b', ('a', 'b')), 'log_sigmoid')",65.63501602564102
4,4,"(('a', ('a', ('a', 'b'))), 'softplus')",65.63501602564102
5,5,"((('b', ('a', ('a', 'b'))), ('a', ('a', ('a', 'b')))), 'relu')",65.63501602564102
0,0,"(('a', 'b'), 'selu')",45.71314102564103
1,1,"(('a', ('a', 'b')), 'softplus')",45.71314102564103
2,2,"(('a', ('a', ('a', 'b'))), 'celu')",45.71314102564103
3,3,"((('a', ('a', 'b')), ('a', ('a', ('a', 'b')))), 'elu')",45.71314102564103
4,4,"(('b', ('a', ('a', ('a', 'b')))), 'sigmoid')",45.71314102564103
5,5,"(('b', ('a', 'b')), 'softplus')",45.71314102564103
0,0,"(('a', 'b'), 'celu')",78.92628205128206
1,1,"(('b', ('a', 'b')), 'softplus')",78.92628205128206
2,2,"(('a', ('a', 'b')), 'elu')",78.92628205128206
3,3,"((('a', 'b'), ('a', ('a', 'b'))), 'celu')",78.92628205128206
4,4,"(('a', ('a', ('a', 'b'))), 'softsign')",78.92628205128206
5,5,"(('a', (('a', 'b'), ('a', ('a', 'b')))), 'selu')",78.92628205128206
0,0,"(('a', 'b'), 'sigmoid')",82.10136217948718
1,1,"(('a', ('a', 'b')), 'selu')",82.10136217948718
2,2,"(('a', ('a', ('a', 'b'))), 'elu')",82.10136217948718
3,3,"(('b', ('a', ('a', ('a', 'b')))), 'celu')",82.10136217948718
4,4,"((('a', ('a', 'b')), ('a', ('a', ('a', 'b')))), 'sigmoid')",82.10136217948718
5,5,"(('a', ('b', ('a', ('a', ('a', 'b'))))), 'elu')",82.10136217948718
0,0,"(('a', 'b'), 'elu')",84.83573717948718
1,1,"(('a', ('a', 'b')), 'softsign')",84.83573717948718
2,2,"(('a', ('a', ('a', 'b'))), 'tanh')",84.83573717948718
3,3,"((('a', 'b'), ('a', ('a', 'b'))), 'tanh')",84.83573717948718
4,4,"((('a', ('a', 'b')), (('a', 'b'), ('a', ('a', 'b')))), 'selu')",84.83573717948718
5,5,"(('a', (('a', 'b'), ('a', ('a', 'b')))), 'log_sigmoid')",84.83573717948718
0,0,"(('a', 'b'), 'log_sigmoid')",81.79086538461539
1,1,"(('a', ('a', 'b')), 'relu')",81.79086538461539
2,2,"((('a', 'b'), ('a', ('a', 'b'))), 'softplus')",81.79086538461539
3,3,"(('b', (('a', 'b'), ('a', ('a', 'b')))), 'softsign')",81.79086538461539
4,4,"((('a', ('a', 'b')), (('a', 'b'), ('a', ('a', 'b')))), 'sigmoid')",81.79086538461539
5,5,"((('a', 'b'), ('b', (('a', 'b'), ('a', ('a', 'b'))))), 'selu')",81.79086538461539
0,0,"(('a', 'b'), 'elu')",86.14783653846153
1,1,"(('b', ('a', 'b')), 'log_sigmoid')",86.14783653846153
2,2,"(('a', ('a', 'b')), 'sigmoid')",86.14783653846153
3,3,"((('a', 'b'), ('a', ('a', 'b'))), 'log_sigmoid')",86.14783653846153
4,4,"(('a', (('a', 'b'), ('a', ('a', 'b')))), 'log_sigmoid')",86.14783653846153
5,5,"(('a', ('b', ('a', 'b'))), 'relu')",86.14783653846153
0,0,"(('a', 'b'), 'softsign')",78.06490384615384
1,1,"(('a', ('a', 'b')), 'elu')",78.06490384615384
2,2,"(('b', ('a', ('a', 'b'))), 'sigmoid')",78.06490384615384
3,3,"(('b', ('b', ('a', ('a', 'b')))), 'selu')",78.06490384615384
4,4,"((('b', ('a', ('a', 'b'))), ('b', ('b', ('a', ('a', 'b'))))), 'sigmoid')",78.06490384615384
5,5,"(('a', ('a', ('a', 'b'))), 'softplus')",78.06490384615384
0,0,"(('a', 'b'), 'tanh')",85.59695512820512
1,1,"(('b', ('a', 'b')), 'sigmoid')",85.59695512820512
2,2,"((('a', 'b'), ('b', ('a', 'b'))), 'elu')",85.59695512820512
3,3,"((('b', ('a', 'b')), (('a', 'b'), ('b', ('a', 'b')))), 'relu')",85.59695512820512
4,4,"(('a', ('b', ('a', 'b'))), 'selu')",85.59695512820512
5,5,"((('b', ('a', 'b')), ('a', ('b', ('a', 'b')))), 'softsign')",85.59695512820512
0,0,"(('a', 'b'), 'sigmoid')",87.39983974358974
1,1,"(('a', ('a', 'b')), 'relu')",87.39983974358974
2,2,"(('b', ('a', ('a', 'b'))), 'softplus')",87.39983974358974
3,3,"((('a', ('a', 'b')), ('b', ('a', ('a', 'b')))), 'selu')",87.39983974358974
4,4,"((('a', 'b'), ('a', ('a', 'b'))), 'selu')",87.39983974358974
5,5,"(((('a', ('a', 'b')), ('b', ('a', ('a', 'b')))), (('a', 'b'), ('a', ('a', 'b')))), 'elu')",87.39983974358974
0,0,"(('a', 'b'), 'log_sigmoid')",84.99599358974359
1,1,"(('b', ('a', 'b')), 'softsign')",84.99599358974359
2,2,"(('b', ('b', ('a', 'b'))), 'sigmoid')",84.99599358974359
3,3,"((('b', ('a', 'b')), ('b', ('b', ('a', 'b')))), 'relu')",84.99599358974359
4,4,"((('b', ('a', 'b')), (('b', ('a', 'b')), ('b', ('b', ('a', 'b'))))), 'relu')",84.99599358974359
5,5,"(('a', ('b', ('a', 'b'))), 'softsign')",84.99599358974359
0,0,"(('a', 'b'), 'elu')",83.77403846153847
1,1,"(('b', ('a', 'b')), 'selu')",83.77403846153847
2,2,"(('b', ('b', ('a', 'b'))), 'softsign')",83.77403846153847
3,3,"(('a', ('b', ('a', 'b'))), 'celu')",83.77403846153847
4,4,"((('a', 'b'), ('b', ('a', 'b'))), 'elu')",83.77403846153847
5,5,"((('b', ('b', ('a', 'b'))), ('a', ('b', ('a', 'b')))), 'log_sigmoid')",83.77403846153847
0,0,"(('a', 'b'), 'log_sigmoid')",81.47035256410257
1,1,"(('b', ('a', 'b')), 'softsign')",81.47035256410257
2,2,"(('b', ('b', ('a', 'b'))), 'tanh')",81.47035256410257
3,3,"(('a', ('b', ('b', ('a', 'b')))), 'celu')",81.47035256410257
4,4,"((('a', 'b'), ('b', ('a', 'b'))), 'softsign')",81.47035256410257
5,5,"(('b', ('a', ('b', ('b', ('a', 'b'))))), 'softplus')",81.47035256410257
0,0,"(('a', 'b'), 'sigmoid')",88.0108173076923
1,1,"(('b', ('a', 'b')), 'relu')",88.0108173076923
2,2,"(('a', ('a', 'b')), 'tanh')",88.0108173076923
3,3,"(('a', ('b', ('a', 'b'))), 'softplus')",88.0108173076923
4,4,"((('b', ('a', 'b')), ('a', ('a', 'b'))), 'log_sigmoid')",88.0108173076923
5,5,"((('a', 'b'), (('b', ('a', 'b')), ('a', ('a', 'b')))), 'sigmoid')",88.0108173076923
0,0,"(('a', 'b'), 'sigmoid')",77.58413461538461
1,1,"(('a', ('a', 'b')), 'selu')",77.58413461538461
2,2,"(('a', ('a', ('a', 'b'))), 'log_sigmoid')",77.58413461538461
3,3,"(('b', ('a', ('a', 'b'))), 'sigmoid')",77.58413461538461
4,4,"(('a', ('b', ('a', ('a', 'b')))), 'softsign')",77.58413461538461
5,5,"((('a', ('a', 'b')), ('a', ('a', ('a', 'b')))), 'softsign')",77.58413461538461
0,0,"(('a', 'b'), 'selu')",87.21955128205128
1,1,"(('b', ('a', 'b')), 'softsign')",87.21955128205128
2,2,"((('a', 'b'), ('b', ('a', 'b'))), 'sigmoid')",87.21955128205128
3,3,"(('b', ('b', ('a', 'b'))), 'softsign')",87.21955128205128
4,4,"(('a', ('b', ('a', 'b'))), 'tanh')",87.21955128205128
5,5,"((('a', 'b'), ('b', ('b', ('a', 'b')))), 'selu')",87.21955128205128
0,0,"(('a', 'b'), 'selu')",84.46514423076923
1,1,"(('a', ('a', 'b')), 'elu')",84.46514423076923
2,2,"((('a', 'b'), ('a', ('a', 'b'))), 'softsign')",84.46514423076923
3,3,"(('a', ('a', ('a', 'b'))), 'relu')",84.46514423076923
4,4,"(('a', (('a', 'b'), ('a', ('a', 'b')))), 'selu')",84.46514423076923
5,5,"(('b', (('a', 'b'), ('a', ('a', 'b')))), 'tanh')",84.46514423076923
0,0,"(('a', 'b'), 'softplus')",67.19751602564102
1,1,"(('b', ('a', 'b')), 'tanh')",67.19751602564102
2,2,"(('a', ('a', 'b')), 'relu')",67.19751602564102
3,3,"((('a', 'b'), ('b', ('a', 'b'))), 'celu')",67.19751602564102
4,4,"((('a', 'b'), (('a', 'b'), ('b', ('a', 'b')))), 'softsign')",67.19751602564102
5,5,"(('a', (('a', 'b'), (('a', 'b'), ('b', ('a', 'b'))))), 'softplus')",67.19751602564102
0,0,"(('a', 'b'), 'relu')",79.43709935897436
1,1,"(('b', ('a', 'b')), 'elu')",79.43709935897436
2,2,"(('b', ('b', ('a', 'b'))), 'softplus')",79.43709935897436
3,3,"(('a', ('b', ('a', 'b'))), 'tanh')",79.43709935897436
4,4,"((('b', ('a', 'b')), ('b', ('b', ('a', 'b')))), 'sigmoid')",79.43709935897436
5,5,"(('b', (('b', ('a', 'b')), ('b', ('b', ('a', 'b'))))), 'relu')",79.43709935897436
0,0,"(('a', 'b'), 'relu')",66.34615384615384
1,1,"(('a', ('a', 'b')), 'softplus')",66.34615384615384
2,2,"(('a', ('a', ('a', 'b'))), 'elu')",66.34615384615384
3,3,"(('b', ('a', ('a', 'b'))), 'elu')",66.34615384615384
4,4,"(('b', ('a', 'b')), 'relu')",66.34615384615384
5,5,"(('a', ('a', ('a', ('a', 'b')))), 'tanh')",66.34615384615384
0,0,"(('a', 'b'), 'selu')",73.3173076923077
1,1,"(('a', ('a', 'b')), 'log_sigmoid')",73.3173076923077
2,2,"(('a', ('a', ('a', 'b'))), 'softplus')",73.3173076923077
3,3,"((('a', 'b'), ('a', ('a', ('a', 'b')))), 'relu')",73.3173076923077
4,4,"((('a', ('a', ('a', 'b'))), (('a', 'b'), ('a', ('a', ('a', 'b'))))), 'softsign')",73.3173076923077
5,5,"((('a', 'b'), ('a', ('a', 'b'))), 'celu')",73.3173076923077
0,0,"(('a', 'b'), 'sigmoid')",80.66907051282051
1,1,"(('b', ('a', 'b')), 'selu')",80.66907051282051
2,2,"(('b', ('b', ('a', 'b'))), 'selu')",80.66907051282051
3,3,"(('a', ('a', 'b')), 'celu')",80.66907051282051
4,4,"(('b', ('b', ('b', ('a', 'b')))), 'tanh')",80.66907051282051
5,5,"((('b', ('b', ('a', 'b'))), ('a', ('a', 'b'))), 'softsign')",80.66907051282051
0,0,"(('a', 'b'), 'softsign')",73.95833333333333
1,1,"(('a', ('a', 'b')), 'celu')",73.95833333333333
2,2,"((('a', 'b'), ('a', ('a', 'b'))), 'celu')",73.95833333333333
3,3,"(('a', ('a', ('a', 'b'))), 'softplus')",73.95833333333333
4,4,"((('a', 'b'), ('a', ('a', ('a', 'b')))), 'tanh')",73.95833333333333
5,5,"(('a', (('a', 'b'), ('a', ('a', ('a', 'b'))))), 'log_sigmoid')",73.95833333333333
0,0,"(('a', 'b'), 'sigmoid')",79.2568108974359
1,1,"(('b', ('a', 'b')), 'elu')",79.2568108974359
2,2,"(('a', ('a', 'b')), 'relu')",79.2568108974359
3,3,"(('a', ('b', ('a', 'b'))), 'celu')",79.2568108974359
4,4,"((('a', ('a', 'b')), ('a', ('b', ('a', 'b')))), 'elu')",79.2568108974359
5,5,"((('a', ('a', 'b')), (('a', ('a', 'b')), ('a', ('b', ('a', 'b'))))), 'log_sigmoid')",79.2568108974359
0,0,"(('a', 'b'), 'celu')",75.20032051282051
1,1,"(('a', ('a', 'b')), 'elu')",75.20032051282051
2,2,"((('a', 'b'), ('a', ('a', 'b'))), 'elu')",75.20032051282051
3,3,"(('b', ('a', 'b')), 'softsign')",75.20032051282051
4,4,"(('a', (('a', 'b'), ('a', ('a', 'b')))), 'tanh')",75.20032051282051
5,5,"(((('a', 'b'), ('a', ('a', 'b'))), ('a', (('a', 'b'), ('a', ('a', 'b'))))), 'sigmoid')",75.20032051282051
0,0,"(('a', 'b'), 'tanh')",74.19871794871794
1,1,"(('b', ('a', 'b')), 'elu')",74.19871794871794
2,2,"(('b', ('b', ('a', 'b'))), 'selu')",74.19871794871794
3,3,"((('a', 'b'), ('b', ('a', 'b'))), 'log_sigmoid')",74.19871794871794
4,4,"((('b', ('b', ('a', 'b'))), (('a', 'b'), ('b', ('a', 'b')))), 'softsign')",74.19871794871794
5,5,"(('a', ('b', ('a', 'b'))), 'sigmoid')",74.19871794871794
0,0,"(('a', 'b'), 'celu')",81.87099358974359
1,1,"(('a', ('a', 'b')), 'tanh')",81.87099358974359
2,2,"(('a', ('a', ('a', 'b'))), 'log_sigmoid')",81.87099358974359
3,3,"((('a', ('a', 'b')), ('a', ('a', ('a', 'b')))), 'relu')",81.87099358974359
4,4,"((('a', 'b'), ('a', ('a', 'b'))), 'log_sigmoid')",81.87099358974359
5,5,"((('a', ('a', 'b')), (('a', ('a', 'b')), ('a', ('a', ('a', 'b'))))), 'elu')",81.87099358974359
0,0,"(('a', 'b'), 'log_sigmoid')",69.46113782051282
1,1,"(('a', ('a', 'b')), 'celu')",69.46113782051282
2,2,"((('a', 'b'), ('a', ('a', 'b'))), 'softsign')",69.46113782051282
3,3,"(('b', ('a', 'b')), 'tanh')",69.46113782051282
4,4,"((('a', 'b'), ('b', ('a', 'b'))), 'elu')",69.46113782051282
5,5,"(('b', (('a', 'b'), ('a', ('a', 'b')))), 'softsign')",69.46113782051282
0,0,"(('a', 'b'), 'elu')",71.77483974358974
1,1,"(('a', ('a', 'b')), 'softplus')",71.77483974358974
2,2,"((('a', 'b'), ('a', ('a', 'b'))), 'celu')",71.77483974358974
3,3,"((('a', ('a', 'b')), (('a', 'b'), ('a', ('a', 'b')))), 'relu')",71.77483974358974
4,4,"(('b', (('a', 'b'), ('a', ('a', 'b')))), 'celu')",71.77483974358974
5,5,"(('b', (('a', ('a', 'b')), (('a', 'b'), ('a', ('a', 'b'))))), 'selu')",71.77483974358974
0,0,"(('a', 'b'), 'elu')",69.04046474358974
1,1,"(('a', ('a', 'b')), 'elu')",69.04046474358974
2,2,"(('b', ('a', ('a', 'b'))), 'log_sigmoid')",69.04046474358974
3,3,"(('b', ('b', ('a', ('a', 'b')))), 'sigmoid')",69.04046474358974
4,4,"((('a', ('a', 'b')), ('b', ('a', ('a', 'b')))), 'tanh')",69.04046474358974
5,5,"(('a', ('b', ('a', ('a', 'b')))), 'softplus')",69.04046474358974
0,0,"(('a', 'b'), 'softsign')",75.33052884615384
1,1,"(('a', ('a', 'b')), 'sigmoid')",75.33052884615384
2,2,"(('b', ('a', ('a', 'b'))), 'sigmoid')",75.33052884615384
3,3,"(('a', ('b', ('a', ('a', 'b')))), 'selu')",75.33052884615384
4,4,"((('a', ('a', 'b')), ('b', ('a', ('a', 'b')))), 'relu')",75.33052884615384
5,5,"((('a', ('b', ('a', ('a', 'b')))), (('a', ('a', 'b')), ('b', ('a', ('a', 'b'))))), 'celu')",75.33052884615384
0,0,"(('a', 'b'), 'selu')",62.75040064102564
1,1,"(('a', ('a', 'b')), 'celu')",62.75040064102564
2,2,"(('b', ('a', ('a', 'b'))), 'relu')",62.75040064102564
3,3,"(('b', ('a', 'b')), 'softplus')",62.75040064102564
4,4,"((('a', 'b'), ('a', ('a', 'b'))), 'relu')",62.75040064102564
5,5,"(('b', ('b', ('a', ('a', 'b')))), 'sigmoid')",62.75040064102564
0,0,"(('a', 'b'), 'softplus')",62.4599358974359
1,1,"(('a', ('a', 'b')), 'elu')",62.4599358974359
2,2,"(('a', ('a', ('a', 'b'))), 'sigmoid')",62.4599358974359
3,3,"(('b', ('a', 'b')), 'softplus')",62.4599358974359
4,4,"((('a', 'b'), ('a', ('a', 'b'))), 'elu')",62.4599358974359
5,5,"((('a', 'b'), ('b', ('a', 'b'))), 'celu')",62.4599358974359
0,0,"(('a', 'b'), 'tanh')",79.89783653846153
1,1,"(('a', ('a', 'b')), 'softsign')",79.89783653846153
2,2,"(('a', ('a', ('a', 'b'))), 'relu')",79.89783653846153
3,3,"(('a', ('a', ('a', ('a', 'b')))), 'softplus')",79.89783653846153
4,4,"(('b', ('a', ('a', ('a', ('a', 'b'))))), 'softsign')",79.89783653846153
5,5,"((('a', ('a', ('a', 'b'))), ('a', ('a', ('a', ('a', 'b'))))), 'softsign')",79.89783653846153
0,0,"(('a', 'b'), 'sigmoid')",76.11177884615384
1,1,"(('b', ('a', 'b')), 'elu')",76.11177884615384
2,2,"(('a', ('b', ('a', 'b'))), 'selu')",76.11177884615384
3,3,"(('b', ('b', ('a', 'b'))), 'selu')",76.11177884615384
4,4,"(('a', ('a', ('b', ('a', 'b')))), 'log_sigmoid')",76.11177884615384
5,5,"(('b', ('a', ('a', ('b', ('a', 'b'))))), 'elu')",76.11177884615384
0,0,"(('a', 'b'), 'softplus')",72.70633012820512
1,1,"(('a', ('a', 'b')), 'log_sigmoid')",72.70633012820512
2,2,"((('a', 'b'), ('a', ('a', 'b'))), 'softplus')",72.70633012820512
3,3,"((('a', ('a', 'b')), (('a', 'b'), ('a', ('a', 'b')))), 'softsign')",72.70633012820512
4,4,"(('b', ('a', ('a', 'b'))), 'softplus')",72.70633012820512
5,5,"(('b', (('a', ('a', 'b')), (('a', 'b'), ('a', ('a', 'b'))))), 'log_sigmoid')",72.70633012820512
0,0,"(('a', 'b'), 'celu')",77.66426282051282
1,1,"(('b', ('a', 'b')), 'selu')",77.66426282051282
2,2,"((('a', 'b'), ('b', ('a', 'b'))), 'selu')",77.66426282051282
3,3,"(('b', (('a', 'b'), ('b', ('a', 'b')))), 'log_sigmoid')",77.66426282051282
4,4,"((('b', ('a', 'b')), ('b', (('a', 'b'), ('b', ('a', 'b'))))), 'softplus')",77.66426282051282
5,5,"(('a', ('b', ('a', 'b'))), 'softsign')",77.66426282051282
0,0,"(('a', 'b'), 'relu')",68.81009615384616
1,1,"(('a', ('a', 'b')), 'softsign')",68.81009615384616
2,2,"(('b', ('a', 'b')), 'softplus')",68.81009615384616
3,3,"((('a', 'b'), ('a', ('a', 'b'))), 'elu')",68.81009615384616
4,4,"((('a', ('a', 'b')), ('b', ('a', 'b'))), 'sigmoid')",68.81009615384616
5,5,"(('b', ('a', ('a', 'b'))), 'elu')",68.81009615384616
0,0,"(('a', 'b'), 'sigmoid')",83.17307692307692
1,1,"(('b', ('a', 'b')), 'tanh')",83.17307692307692
2,2,"(('b', ('b', ('a', 'b'))), 'selu')",83.17307692307692
3,3,"((('b', ('a', 'b')), ('b', ('b', ('a', 'b')))), 'relu')",83.17307692307692
4,4,"((('a', 'b'), ('b', ('a', 'b'))), 'log_sigmoid')",83.17307692307692
5,5,"(('b', ('b', ('b', ('a', 'b')))), 'softsign')",83.17307692307692
0,0,"(('a', 'b'), 'softsign')",84.95592948717949
1,1,"(('a', ('a', 'b')), 'selu')",84.95592948717949
2,2,"(('b', ('a', ('a', 'b'))), 'tanh')",84.95592948717949
3,3,"((('a', 'b'), ('a', ('a', 'b'))), 'sigmoid')",84.95592948717949
4,4,"((('a', ('a', 'b')), (('a', 'b'), ('a', ('a', 'b')))), 'celu')",84.95592948717949
5,5,"((('a', 'b'), ('b', ('a', ('a', 'b')))), 'selu')",84.95592948717949
0,0,"(('a', 'b'), 'celu')",74.84975961538461
1,1,"(('a', ('a', 'b')), 'relu')",74.84975961538461
2,2,"(('a', ('a', ('a', 'b'))), 'softsign')",74.84975961538461
3,3,"((('a', ('a', 'b')), ('a', ('a', ('a', 'b')))), 'tanh')",74.84975961538461
4,4,"((('a', 'b'), ('a', ('a', 'b'))), 'selu')",74.84975961538461
5,5,"((('a', 'b'), (('a', 'b'), ('a', ('a', 'b')))), 'softsign')",74.84975961538461
0,0,"(('a', 'b'), 'log_sigmoid')",67.02724358974359
1,1,"(('b', ('a', 'b')), 'softplus')",67.02724358974359
2,2,"(('b', ('b', ('a', 'b'))), 'celu')",67.02724358974359
3,3,"(('a', ('a', 'b')), 'selu')",67.02724358974359
4,4,"(('a', ('b', ('b', ('a', 'b')))), 'sigmoid')",67.02724358974359
5,5,"(('a', ('a', ('b', ('b', ('a', 'b'))))), 'relu')",67.02724358974359
0,0,"(('a', 'b'), 'softsign')",85.10616987179488
1,1,"(('a', ('a', 'b')), 'relu')",85.10616987179488
2,2,"(('b', ('a', 'b')), 'tanh')",85.10616987179488
3,3,"((('a', 'b'), ('a', ('a', 'b'))), 'relu')",85.10616987179488
4,4,"(('a', (('a', 'b'), ('a', ('a', 'b')))), 'selu')",85.10616987179488
5,5,"(('b', ('a', ('a', 'b'))), 'elu')",85.10616987179488
0,0,"(('a', 'b'), 'elu')",74.94991987179488
1,1,"(('b', ('a', 'b')), 'celu')",74.94991987179488
2,2,"(('b', ('b', ('a', 'b'))), 'softsign')",74.94991987179488
3,3,"((('b', ('a', 'b')), ('b', ('b', ('a', 'b')))), 'relu')",74.94991987179488
4,4,"((('a', 'b'), ('b', ('a', 'b'))), 'selu')",74.94991987179488
5,5,"((('b', ('b', ('a', 'b'))), (('b', ('a', 'b')), ('b', ('b', ('a', 'b'))))), 'sigmoid')",74.94991987179488
0,0,"(('a', 'b'), 'log_sigmoid')",71.9150641025641
1,1,"(('b', ('a', 'b')), 'softplus')",71.9150641025641
2,2,"(('b', ('b', ('a', 'b'))), 'sigmoid')",71.9150641025641
3,3,"(('a', ('b', ('a', 'b'))), 'softsign')",71.9150641025641
4,4,"(('a', ('b', ('b', ('a', 'b')))), 'celu')",71.9150641025641
5,5,"((('a', 'b'), ('b', ('a', 'b'))), 'log_sigmoid')",71.9150641025641
0,0,"(('a', 'b'), 'softsign')",85.25641025641026
1,1,"(('b', ('a', 'b')), 'log_sigmoid')",85.25641025641026
2,2,"((('a', 'b'), ('b', ('a', 'b'))), 'log_sigmoid')",85.25641025641026
3,3,"(('a', ('a', 'b')), 'sigmoid')",85.25641025641026
4,4,"(('a', ('a', ('a', 'b'))), 'log_sigmoid')",85.25641025641026
5,5,"(('b', ('b', ('a', 'b'))), 'tanh')",85.25641025641026
0,0,"(('a', 'b'), 'sigmoid')",72.82652243589743
1,1,"(('a', ('a', 'b')), 'tanh')",72.82652243589743
2,2,"(('b', ('a', ('a', 'b'))), 'sigmoid')",72.82652243589743
3,3,"((('a', ('a', 'b')), ('b', ('a', ('a', 'b')))), 'tanh')",72.82652243589743
4,4,"(('b', (('a', ('a', 'b')), ('b', ('a', ('a', 'b'))))), 'tanh')",72.82652243589743
5,5,"(('b', ('a', 'b')), 'celu')",72.82652243589743
0,0,"(('a', 'b'), 'softplus')",77.4639423076923
1,1,"(('a', ('a', 'b')), 'celu')",77.4639423076923
2,2,"(('b', ('a', 'b')), 'relu')",77.4639423076923
3,3,"(('b', ('a', ('a', 'b'))), 'softsign')",77.4639423076923
4,4,"(('a', ('b', ('a', 'b'))), 'softplus')",77.4639423076923
5,5,"((('b', ('a', 'b')), ('a', ('b', ('a', 'b')))), 'sigmoid')",77.4639423076923
0,0,"(('a', 'b'), 'tanh')",70.1923076923077
1,1,"(('b', ('a', 'b')), 'relu')",70.1923076923077
2,2,"(('a', ('a', 'b')), 'log_sigmoid')",70.1923076923077
3,3,"(('b', ('a', ('a', 'b'))), 'softplus')",70.1923076923077
4,4,"(('b', ('b', ('a', 'b'))), 'softplus')",70.1923076923077
5,5,"((('a', 'b'), ('b', ('a', ('a', 'b')))), 'sigmoid')",70.1923076923077
0,0,"(('a', 'b'), 'tanh')",79.47716346153847
1,1,"(('a', ('a', 'b')), 'elu')",79.47716346153847
2,2,"((('a', 'b'), ('a', ('a', 'b'))), 'sigmoid')",79.47716346153847
3,3,"(('b', ('a', ('a', 'b'))), 'softplus')",79.47716346153847
4,4,"(((('a', 'b'), ('a', ('a', 'b'))), ('b', ('a', ('a', 'b')))), 'relu')",79.47716346153847
5,5,"((('a', 'b'), (('a', 'b'), ('a', ('a', 'b')))), 'elu')",79.47716346153847
0,0,"(('a', 'b'), 'selu')",76.63261217948718
1,1,"(('a', ('a', 'b')), 'softsign')",76.63261217948718
2,2,"(('b', ('a', ('a', 'b'))), 'softsign')",76.63261217948718
3,3,"(('b', ('b', ('a', ('a', 'b')))), 'softplus')",76.63261217948718
4,4,"((('a', 'b'), ('a', ('a', 'b'))), 'softplus')",76.63261217948718
5,5,"((('b', ('a', ('a', 'b'))), (('a', 'b'), ('a', ('a', 'b')))), 'sigmoid')",76.63261217948718
0,0,"(('a', 'b'), 'elu')",88.4014423076923
1,1,"(('a', ('a', 'b')), 'log_sigmoid')",88.4014423076923
2,2,"((('a', 'b'), ('a', ('a', 'b'))), 'sigmoid')",88.4014423076923
3,3,"((('a', ('a', 'b')), (('a', 'b'), ('a', ('a', 'b')))), 'log_sigmoid')",88.4014423076923
4,4,"(('b', ('a', ('a', 'b'))), 'softsign')",88.4014423076923
5,5,"(('b', ('a', 'b')), 'sigmoid')",88.4014423076923
0,0,"(('a', 'b'), 'elu')",79.26682692307692
1,1,"(('b', ('a', 'b')), 'softsign')",79.26682692307692
2,2,"(('a', ('b', ('a', 'b'))), 'softplus')",79.26682692307692
3,3,"(('a', ('a', ('b', ('a', 'b')))), 'selu')",79.26682692307692
4,4,"((('a', 'b'), ('a', ('b', ('a', 'b')))), 'relu')",79.26682692307692
5,5,"(('b', ('a', ('b', ('a', 'b')))), 'sigmoid')",79.26682692307692
0,0,"(('a', 'b'), 'selu')",81.38020833333333
1,1,"(('b', ('a', 'b')), 'tanh')",81.38020833333333
2,2,"(('a', ('a', 'b')), 'softplus')",81.38020833333333
3,3,"(('a', ('b', ('a', 'b'))), 'softsign')",81.38020833333333
4,4,"((('a', 'b'), ('b', ('a', 'b'))), 'softsign')",81.38020833333333
5,5,"(('b', ('a', ('b', ('a', 'b')))), 'tanh')",81.38020833333333
0,0,"(('a', 'b'), 'sigmoid')",84.18469551282051
1,1,"(('b', ('a', 'b')), 'softsign')",84.18469551282051
2,2,"(('a', ('b', ('a', 'b'))), 'elu')",84.18469551282051
3,3,"(('a', ('a', 'b')), 'celu')",84.18469551282051
4,4,"((('a', 'b'), ('b', ('a', 'b'))), 'selu')",84.18469551282051
5,5,"(('b', (('a', 'b'), ('b', ('a', 'b')))), 'elu')",84.18469551282051
